date,store_id,sales,promo,school_holiday
2022-01-01,1,293,0,0
2022-01-02,1,330,0,0
2022-01-03,1,188,0,0
2022-01-04,1,249,0,0
2022-01-05,1,219,0,0
2022-01-06,1,220,0,0
2022-01-07,1,182,0,0
2022-01-08,1,347,0,0
2022-01-09,1,312,0,0
2022-01-10,1,173,0,0
2022-01-11,1,219,0,0
2022-01-12,1,242,0,0
2022-01-13,1,233,0,0
2022-01-14,1,222,0,0
2022-01-15,1,309,0,0
2022-01-16,1,349,0,0
2022-01-17,1,170,0,0
2022-01-18,1,229,0,0
2022-01-19,1,228,0,0
2022-01-20,1,239,0,0
2022-01-21,1,284,0,0
2022-01-22,1,357,0,0
2022-01-23,1,448,1,0
2022-01-24,1,269,1,0
2022-01-25,1,214,0,0
2022-01-26,1,203,0,0
2022-01-27,1,281,1,0
2022-01-28,1,217,0,0
2022-01-29,1,342,0,0
2022-01-30,1,350,0,0
2022-01-31,1,248,1,0
2022-02-01,1,222,0,0
2022-02-02,1,278,1,0
2022-02-03,1,255,0,0
2022-02-04,1,256,0,0
2022-02-05,1,305,0,0
2022-02-06,1,407,1,0
2022-02-07,1,186,0,0
2022-02-08,1,355,1,0
2022-02-09,1,241,0,0
2022-02-10,1,227,0,0
2022-02-11,1,234,0,0
2022-02-12,1,292,0,0
2022-02-13,1,357,0,0
2022-02-14,1,244,1,0
2022-02-15,1,280,1,0
2022-02-16,1,232,0,0
2022-02-17,1,228,0,0
2022-02-18,1,332,1,0
2022-02-19,1,488,1,0
2022-02-20,1,496,1,0
2022-02-21,1,259,1,0
2022-02-22,1,232,0,0
2022-02-23,1,230,0,0
2022-02-24,1,252,1,0
2022-02-25,1,244,0,0
2022-02-26,1,344,0,0
2022-02-27,1,328,0,0
2022-02-28,1,175,0,0
2022-03-01,1,357,1,0
2022-03-02,1,321,1,0
2022-03-03,1,206,0,0
2022-03-04,1,240,0,0
2022-03-05,1,322,0,0
2022-03-06,1,347,0,0
2022-03-07,1,187,0,0
2022-03-08,1,245,0,0
2022-03-09,1,239,0,0
2022-03-10,1,224,0,0
2022-03-11,1,254,0,0
2022-03-12,1,373,0,0
2022-03-13,1,372,0,0
2022-03-14,1,184,0,0
2022-03-15,1,257,0,0
2022-03-16,1,272,0,0
2022-03-17,1,257,0,0
2022-03-18,1,252,0,0
2022-03-19,1,303,0,0
2022-03-20,1,353,0,0
2022-03-21,1,190,0,0
2022-03-22,1,234,0,0
2022-03-23,1,251,0,0
2022-03-24,1,361,1,0
2022-03-25,1,290,0,0
2022-03-26,1,299,0,0
2022-03-27,1,370,0,0
2022-03-28,1,202,0,0
2022-03-29,1,265,0,0
2022-03-30,1,246,0,0
2022-03-31,1,258,0,0
2022-04-01,1,245,0,0
2022-04-02,1,306,0,0
2022-04-03,1,359,0,0
2022-04-04,1,179,0,0
2022-04-05,1,257,0,0
2022-04-06,1,361,1,0
2022-04-07,1,226,0,0
2022-04-08,1,246,0,0
2022-04-09,1,364,0,0
2022-04-10,1,334,0,0
2022-04-11,1,320,1,0
2022-04-12,1,245,0,0
2022-04-13,1,225,0,0
2022-04-14,1,263,0,0
2022-04-15,1,241,0,0
2022-04-16,1,489,1,0
2022-04-17,1,445,1,0
2022-04-18,1,207,0,0
2022-04-19,1,305,1,0
2022-04-20,1,234,0,0
2022-04-21,1,347,1,0
2022-04-22,1,279,0,0
2022-04-23,1,372,0,0
2022-04-24,1,345,0,0
2022-04-25,1,181,0,0
2022-04-26,1,272,0,0
2022-04-27,1,340,1,0
2022-04-28,1,338,1,0
2022-04-29,1,274,0,0
2022-04-30,1,345,0,0
2022-05-01,1,351,0,0
2022-05-02,1,200,0,0
2022-05-03,1,249,0,0
2022-05-04,1,229,0,0
2022-05-05,1,211,0,0
2022-05-06,1,254,0,0
2022-05-07,1,321,0,0
2022-05-08,1,337,0,0
2022-05-09,1,279,1,0
2022-05-10,1,222,0,0
2022-05-11,1,295,0,0
2022-05-12,1,284,0,0
2022-05-13,1,248,0,0
2022-05-14,1,359,0,0
2022-05-15,1,452,1,0
2022-05-16,1,172,0,0
2022-05-17,1,233,0,0
2022-05-18,1,281,0,0
2022-05-19,1,255,0,0
2022-05-20,1,216,0,0
2022-05-21,1,359,0,0
2022-05-22,1,395,0,0
2022-05-23,1,187,0,0
2022-05-24,1,302,1,0
2022-05-25,1,244,0,0
2022-05-26,1,287,0,0
2022-05-27,1,224,0,0
2022-05-28,1,347,0,0
2022-05-29,1,393,0,0
2022-05-30,1,221,0,0
2022-05-31,1,251,0,0
2022-06-01,1,401,1,0
2022-06-02,1,246,0,0
2022-06-03,1,252,0,0
2022-06-04,1,402,1,0
2022-06-05,1,387,0,0
2022-06-06,1,212,0,0
2022-06-07,1,252,0,0
2022-06-08,1,326,1,0
2022-06-09,1,255,0,0
2022-06-10,1,323,1,0
2022-06-11,1,342,0,0
2022-06-12,1,363,0,0
2022-06-13,1,285,1,0
2022-06-14,1,263,0,0
2022-06-15,1,321,1,0
2022-06-16,1,292,1,0
2022-06-17,1,308,1,0
2022-06-18,1,398,0,0
2022-06-19,1,461,1,0
2022-06-20,1,202,0,0
2022-06-21,1,367,1,0
2022-06-22,1,248,0,0
2022-06-23,1,271,0,0
2022-06-24,1,335,1,0
2022-06-25,1,456,1,0
2022-06-26,1,553,1,0
2022-06-27,1,220,0,0
2022-06-28,1,278,0,0
2022-06-29,1,310,1,0
2022-06-30,1,324,1,0
2022-07-01,1,305,0,1
2022-07-02,1,417,0,0
2022-07-03,1,456,0,0
2022-07-04,1,257,0,1
2022-07-05,1,339,0,1
2022-07-06,1,295,0,1
2022-07-07,1,420,1,1
2022-07-08,1,335,0,1
2022-07-09,1,558,1,0
2022-07-10,1,549,1,0
2022-07-11,1,272,0,1
2022-07-12,1,347,1,1
2022-07-13,1,467,1,1
2022-07-14,1,300,0,1
2022-07-15,1,307,0,1
2022-07-16,1,475,0,0
2022-07-17,1,458,0,0
2022-07-18,1,294,1,1
2022-07-19,1,388,1,1
2022-07-20,1,310,0,1
2022-07-21,1,450,1,1
2022-07-22,1,320,0,1
2022-07-23,1,435,0,0
2022-07-24,1,418,0,0
2022-07-25,1,284,0,1
2022-07-26,1,307,0,1
2022-07-27,1,334,0,1
2022-07-28,1,306,0,1
2022-07-29,1,276,0,1
2022-07-30,1,368,0,0
2022-07-31,1,604,1,0
2022-08-01,1,263,0,1
2022-08-02,1,347,0,1
2022-08-03,1,417,1,1
2022-08-04,1,410,1,1
2022-08-05,1,430,1,1
2022-08-06,1,398,0,0
2022-08-07,1,602,1,0
2022-08-08,1,255,0,1
2022-08-09,1,309,0,1
2022-08-10,1,419,1,1
2022-08-11,1,473,1,1
2022-08-12,1,432,1,1
2022-08-13,1,576,1,0
2022-08-14,1,382,0,0
2022-08-15,1,301,1,1
2022-08-16,1,326,0,1
2022-08-17,1,292,0,1
2022-08-18,1,306,0,1
2022-08-19,1,316,0,1
2022-08-20,1,667,1,0
2022-08-21,1,475,0,0
2022-08-22,1,254,0,1
2022-08-23,1,351,0,1
2022-08-24,1,336,0,1
2022-08-25,1,271,0,1
2022-08-26,1,351,0,1
2022-08-27,1,605,1,0
2022-08-28,1,492,1,0
2022-08-29,1,272,0,1
2022-08-30,1,437,1,1
2022-08-31,1,315,0,1
2022-09-01,1,280,0,0
2022-09-02,1,263,0,0
2022-09-03,1,380,0,0
2022-09-04,1,365,0,0
2022-09-05,1,209,0,0
2022-09-06,1,240,0,0
2022-09-07,1,274,0,0
2022-09-08,1,415,1,0
2022-09-09,1,257,0,0
2022-09-10,1,346,0,0
2022-09-11,1,353,0,0
2022-09-12,1,187,0,0
2022-09-13,1,260,0,0
2022-09-14,1,262,0,0
2022-09-15,1,359,1,0
2022-09-16,1,283,0,0
2022-09-17,1,353,0,0
2022-09-18,1,355,0,0
2022-09-19,1,191,0,0
2022-09-20,1,252,0,0
2022-09-21,1,219,0,0
2022-09-22,1,284,0,0
2022-09-23,1,331,1,0
2022-09-24,1,344,0,0
2022-09-25,1,375,0,0
2022-09-26,1,199,0,0
2022-09-27,1,247,0,0
2022-09-28,1,244,0,0
2022-09-29,1,253,0,0
2022-09-30,1,271,0,0
2022-10-01,1,401,0,0
2022-10-02,1,470,1,0
2022-10-03,1,214,0,0
2022-10-04,1,258,0,0
2022-10-05,1,301,0,0
2022-10-06,1,298,0,0
2022-10-07,1,240,0,0
2022-10-08,1,376,0,0
2022-10-09,1,379,0,0
2022-10-10,1,207,0,0
2022-10-11,1,255,0,0
2022-10-12,1,251,0,0
2022-10-13,1,347,1,0
2022-10-14,1,215,0,0
2022-10-15,1,536,1,0
2022-10-16,1,389,0,0
2022-10-17,1,289,1,0
2022-10-18,1,343,1,0
2022-10-19,1,258,0,0
2022-10-20,1,424,1,0
2022-10-21,1,305,0,0
2022-10-22,1,487,1,0
2022-10-23,1,348,0,0
2022-10-24,1,208,0,0
2022-10-25,1,264,0,0
2022-10-26,1,246,0,0
2022-10-27,1,276,0,0
2022-10-28,1,267,0,0
2022-10-29,1,367,0,0
2022-10-30,1,361,0,0
2022-10-31,1,230,0,0
2022-11-01,1,345,1,0
2022-11-02,1,324,0,0
2022-11-03,1,275,0,0
2022-11-04,1,274,0,0
2022-11-05,1,395,0,0
2022-11-06,1,579,1,0
2022-11-07,1,207,0,0
2022-11-08,1,285,0,0
2022-11-09,1,284,0,0
2022-11-10,1,295,0,0
2022-11-11,1,267,0,0
2022-11-12,1,555,1,0
2022-11-13,1,361,0,0
2022-11-14,1,179,0,0
2022-11-15,1,238,0,0
2022-11-16,1,369,1,0
2022-11-17,1,293,0,0
2022-11-18,1,276,0,0
2022-11-19,1,388,0,0
2022-11-20,1,401,0,0
2022-11-21,1,228,0,0
2022-11-22,1,301,0,0
2022-11-23,1,356,1,0
2022-11-24,1,283,0,0
2022-11-25,1,308,0,0
2022-11-26,1,536,1,0
2022-11-27,1,424,0,0
2022-11-28,1,212,0,0
2022-11-29,1,296,0,0
2022-11-30,1,297,0,0
2022-12-01,1,359,0,0
2022-12-02,1,423,0,0
2022-12-03,1,587,0,0
2022-12-04,1,618,0,0
2022-12-05,1,336,0,0
2022-12-06,1,502,0,0
2022-12-07,1,474,0,0
2022-12-08,1,586,1,0
2022-12-09,1,423,0,0
2022-12-10,1,528,0,0
2022-12-11,1,590,0,0
2022-12-12,1,452,1,0
2022-12-13,1,500,0,0
2022-12-14,1,433,0,0
2022-12-15,1,452,0,0
2022-12-16,1,397,0,0
2022-12-17,1,623,0,0
2022-12-18,1,641,1,0
2022-12-19,1,367,0,0
2022-12-20,1,390,0,0
2022-12-21,1,380,0,0
2022-12-22,1,412,0,0
2022-12-23,1,445,0,0
2022-12-24,1,578,0,0
2022-12-25,1,538,0,0
2022-12-26,1,470,1,0
2022-12-27,1,392,0,0
2022-12-28,1,558,1,0
2022-12-29,1,396,0,0
2022-12-30,1,424,0,0
2022-12-31,1,582,0,0
2023-01-01,1,396,0,0
2023-01-02,1,270,0,0
2023-01-03,1,255,0,0
2023-01-04,1,420,1,0
2023-01-05,1,220,0,0
2023-01-06,1,254,0,0
2023-01-07,1,399,0,0
2023-01-08,1,524,1,0
2023-01-09,1,234,0,0
2023-01-10,1,273,0,0
2023-01-11,1,279,0,0
2023-01-12,1,279,0,0
2023-01-13,1,282,0,0
2023-01-14,1,397,0,0
2023-01-15,1,390,0,0
2023-01-16,1,219,0,0
2023-01-17,1,277,0,0
2023-01-18,1,287,0,0
2023-01-19,1,288,0,0
2023-01-20,1,267,0,0
2023-01-21,1,494,1,0
2023-01-22,1,343,0,0
2023-01-23,1,348,1,0
2023-01-24,1,344,1,0
2023-01-25,1,264,0,0
2023-01-26,1,300,0,0
2023-01-27,1,251,0,0
2023-01-28,1,341,0,0
2023-01-29,1,513,1,0
2023-01-30,1,330,1,0
2023-01-31,1,382,1,0
2023-02-01,1,333,0,0
2023-02-02,1,299,0,0
2023-02-03,1,255,0,0
2023-02-04,1,401,0,0
2023-02-05,1,346,0,0
2023-02-06,1,238,0,0
2023-02-07,1,274,0,0
2023-02-08,1,297,0,0
2023-02-09,1,322,0,0
2023-02-10,1,321,0,0
2023-02-11,1,394,0,0
2023-02-12,1,425,0,0
2023-02-13,1,222,0,0
2023-02-14,1,290,0,0
2023-02-15,1,251,0,0
2023-02-16,1,268,0,0
2023-02-17,1,299,0,0
2023-02-18,1,344,0,0
2023-02-19,1,404,0,0
2023-02-20,1,232,0,0
2023-02-21,1,300,0,0
2023-02-22,1,252,0,0
2023-02-23,1,248,0,0
2023-02-24,1,418,1,0
2023-02-25,1,408,0,0
2023-02-26,1,391,0,0
2023-02-27,1,201,0,0
2023-02-28,1,376,1,0
2023-03-01,1,355,1,0
2023-03-02,1,309,0,0
2023-03-03,1,257,0,0
2023-03-04,1,396,0,0
2023-03-05,1,581,1,0
2023-03-06,1,242,0,0
2023-03-07,1,278,0,0
2023-03-08,1,303,0,0
2023-03-09,1,308,0,0
2023-03-10,1,292,0,0
2023-03-11,1,419,0,0
2023-03-12,1,537,1,0
2023-03-13,1,341,1,0
2023-03-14,1,388,1,0
2023-03-15,1,257,0,0
2023-03-16,1,301,0,0
2023-03-17,1,266,0,0
2023-03-18,1,448,0,0
2023-03-19,1,420,0,0
2023-03-20,1,265,1,0
2023-03-21,1,311,0,0
2023-03-22,1,297,0,0
2023-03-23,1,307,0,0
2023-03-24,1,394,1,0
2023-03-25,1,604,1,0
2023-03-26,1,385,0,0
2023-03-27,1,250,0,0
2023-03-28,1,403,1,0
2023-03-29,1,341,1,0
2023-03-30,1,250,0,0
2023-03-31,1,285,0,0
2023-04-01,1,382,0,0
2023-04-02,1,346,0,0
2023-04-03,1,211,0,0
2023-04-04,1,288,0,0
2023-04-05,1,369,1,0
2023-04-06,1,468,1,0
2023-04-07,1,277,0,0
2023-04-08,1,606,1,0
2023-04-09,1,464,0,0
2023-04-10,1,225,0,0
2023-04-11,1,279,0,0
2023-04-12,1,380,1,0
2023-04-13,1,391,1,0
2023-04-14,1,385,1,0
2023-04-15,1,503,1,0
2023-04-16,1,423,0,0
2023-04-17,1,228,0,0
2023-04-18,1,350,0,0
2023-04-19,1,316,0,0
2023-04-20,1,286,0,0
2023-04-21,1,308,0,0
2023-04-22,1,582,1,0
2023-04-23,1,449,0,0
2023-04-24,1,203,0,0
2023-04-25,1,265,0,0
2023-04-26,1,275,0,0
2023-04-27,1,295,0,0
2023-04-28,1,213,0,0
2023-04-29,1,385,0,0
2023-04-30,1,619,1,0
2023-05-01,1,215,0,0
2023-05-02,1,302,0,0
2023-05-03,1,303,0,0
2023-05-04,1,413,1,0
2023-05-05,1,423,1,0
2023-05-06,1,449,0,0
2023-05-07,1,630,1,0
2023-05-08,1,230,0,0
2023-05-09,1,277,0,0
2023-05-10,1,307,0,0
2023-05-11,1,307,0,0
2023-05-12,1,317,0,0
2023-05-13,1,496,1,0
2023-05-14,1,442,0,0
2023-05-15,1,212,0,0
2023-05-16,1,411,1,0
2023-05-17,1,289,0,0
2023-05-18,1,442,1,0
2023-05-19,1,356,1,0
2023-05-20,1,424,0,0
2023-05-21,1,432,0,0
2023-05-22,1,232,0,0
2023-05-23,1,303,0,0
2023-05-24,1,288,0,0
2023-05-25,1,408,1,0
2023-05-26,1,416,1,0
2023-05-27,1,402,0,0
2023-05-28,1,415,0,0
2023-05-29,1,271,1,0
2023-05-30,1,259,0,0
2023-05-31,1,392,1,0
2023-06-01,1,271,0,0
2023-06-02,1,400,1,0
2023-06-03,1,459,0,0
2023-06-04,1,465,0,0
2023-06-05,1,319,1,0
2023-06-06,1,369,1,0
2023-06-07,1,271,0,0
2023-06-08,1,341,0,0
2023-06-09,1,436,1,0
2023-06-10,1,415,0,0
2023-06-11,1,425,0,0
2023-06-12,1,237,0,0
2023-06-13,1,424,1,0
2023-06-14,1,301,0,0
2023-06-15,1,431,1,0
2023-06-16,1,432,1,0
2023-06-17,1,529,1,0
2023-06-18,1,435,0,0
2023-06-19,1,360,1,0
2023-06-20,1,315,0,0
2023-06-21,1,312,0,0
2023-06-22,1,285,0,0
2023-06-23,1,285,0,0
2023-06-24,1,424,0,0
2023-06-25,1,403,0,0
2023-06-26,1,262,0,0
2023-06-27,1,300,0,0
2023-06-28,1,287,0,0
2023-06-29,1,329,0,0
2023-06-30,1,375,1,0
2023-07-01,1,689,1,0
2023-07-02,1,488,0,0
2023-07-03,1,349,0,1
2023-07-04,1,365,0,1
2023-07-05,1,340,0,1
2023-07-06,1,367,0,1
2023-07-07,1,361,0,1
2023-07-08,1,483,0,0
2023-07-09,1,554,0,0
2023-07-10,1,308,0,1
2023-07-11,1,375,0,1
2023-07-12,1,344,0,1
2023-07-13,1,421,0,1
2023-07-14,1,510,1,1
2023-07-15,1,491,0,0
2023-07-16,1,756,1,0
2023-07-17,1,297,0,1
2023-07-18,1,535,1,1
2023-07-19,1,380,0,1
2023-07-20,1,433,0,1
2023-07-21,1,338,0,1
2023-07-22,1,668,1,0
2023-07-23,1,639,0,0
2023-07-24,1,293,0,1
2023-07-25,1,336,0,1
2023-07-26,1,386,0,1
2023-07-27,1,402,0,1
2023-07-28,1,366,0,1
2023-07-29,1,441,0,0
2023-07-30,1,481,0,0
2023-07-31,1,350,1,1
2023-08-01,1,430,0,1
2023-08-02,1,322,0,1
2023-08-03,1,354,0,1
2023-08-04,1,522,1,1
2023-08-05,1,467,0,0
2023-08-06,1,537,0,0
2023-08-07,1,379,1,1
2023-08-08,1,381,0,1
2023-08-09,1,363,0,1
2023-08-10,1,367,0,1
2023-08-11,1,404,0,1
2023-08-12,1,473,0,0
2023-08-13,1,535,0,0
2023-08-14,1,428,1,1
2023-08-15,1,335,0,1
2023-08-16,1,441,1,1
2023-08-17,1,365,0,1
2023-08-18,1,311,0,1
2023-08-19,1,720,1,0
2023-08-20,1,550,0,0
2023-08-21,1,265,0,1
2023-08-22,1,399,0,1
2023-08-23,1,411,0,1
2023-08-24,1,520,1,1
2023-08-25,1,558,1,1
2023-08-26,1,511,0,0
2023-08-27,1,502,0,0
2023-08-28,1,297,0,1
2023-08-29,1,464,1,1
2023-08-30,1,357,0,1
2023-08-31,1,376,0,1
2023-09-01,1,427,1,0
2023-09-02,1,613,1,0
2023-09-03,1,365,0,0
2023-09-04,1,309,0,0
2023-09-05,1,290,0,0
2023-09-06,1,330,0,0
2023-09-07,1,433,1,0
2023-09-08,1,297,0,0
2023-09-09,1,620,1,0
2023-09-10,1,550,1,0
2023-09-11,1,338,1,0
2023-09-12,1,365,0,0
2023-09-13,1,409,1,0
2023-09-14,1,427,1,0
2023-09-15,1,288,0,0
2023-09-16,1,465,0,0
2023-09-17,1,414,0,0
2023-09-18,1,258,0,0
2023-09-19,1,460,1,0
2023-09-20,1,417,1,0
2023-09-21,1,330,0,0
2023-09-22,1,325,0,0
2023-09-23,1,479,0,0
2023-09-24,1,625,1,0
2023-09-25,1,377,1,0
2023-09-26,1,310,0,0
2023-09-27,1,284,0,0
2023-09-28,1,275,0,0
2023-09-29,1,277,0,0
2023-09-30,1,433,0,0
2023-10-01,1,450,0,0
2023-10-02,1,239,0,0
2023-10-03,1,260,0,0
2023-10-04,1,405,1,0
2023-10-05,1,306,0,0
2023-10-06,1,317,0,0
2023-10-07,1,497,0,0
2023-10-08,1,380,0,0
2023-10-09,1,268,0,0
2023-10-10,1,333,0,0
2023-10-11,1,421,1,0
2023-10-12,1,444,1,0
2023-10-13,1,314,0,0
2023-10-14,1,466,0,0
2023-10-15,1,415,0,0
2023-10-16,1,235,0,0
2023-10-17,1,365,1,0
2023-10-18,1,329,0,0
2023-10-19,1,304,0,0
2023-10-20,1,279,0,0
2023-10-21,1,413,0,0
2023-10-22,1,468,0,0
2023-10-23,1,259,0,0
2023-10-24,1,296,0,0
2023-10-25,1,481,1,0
2023-10-26,1,318,0,0
2023-10-27,1,333,0,0
2023-10-28,1,454,0,0
2023-10-29,1,593,1,0
2023-10-30,1,265,0,0
2023-10-31,1,351,0,0
2023-11-01,1,423,1,0
2023-11-02,1,341,0,0
2023-11-03,1,303,0,0
2023-11-04,1,697,1,0
2023-11-05,1,421,0,0
2023-11-06,1,303,0,0
2023-11-07,1,290,0,0
2023-11-08,1,313,0,0
2023-11-09,1,334,0,0
2023-11-10,1,354,0,0
2023-11-11,1,510,0,0
2023-11-12,1,505,0,0
2023-11-13,1,223,0,0
2023-11-14,1,451,1,0
2023-11-15,1,303,0,0
2023-11-16,1,348,0,0
2023-11-17,1,475,1,0
2023-11-18,1,464,0,0
2023-11-19,1,434,0,0
2023-11-20,1,236,0,0
2023-11-21,1,305,0,0
2023-11-22,1,304,0,0
2023-11-23,1,439,1,0
2023-11-24,1,351,0,0
2023-11-25,1,458,0,0
2023-11-26,1,412,0,0
2023-11-27,1,234,0,0
2023-11-28,1,463,1,0
2023-11-29,1,376,0,0
2023-11-30,1,328,0,0
2023-12-01,1,623,1,0
2023-12-02,1,630,0,0
2023-12-03,1,719,0,0
2023-12-04,1,440,0,0
2023-12-05,1,477,0,0
2023-12-06,1,468,0,0
2023-12-07,1,434,0,0
2023-12-08,1,665,1,0
2023-12-09,1,984,1,0
2023-12-10,1,645,0,0
2023-12-11,1,539,1,0
2023-12-12,1,510,0,0
2023-12-13,1,513,0,0
2023-12-14,1,449,0,0
2023-12-15,1,456,0,0
2023-12-16,1,693,0,0
2023-12-17,1,727,0,0
2023-12-18,1,461,0,0
2023-12-19,1,447,0,0
2023-12-20,1,678,1,0
2023-12-21,1,665,1,0
2023-12-22,1,475,0,0
2023-12-23,1,1019,1,0
2023-12-24,1,974,1,0
2023-12-25,1,413,0,0
2023-12-26,1,446,0,0
2023-12-27,1,480,0,0
2023-12-28,1,496,0,0
2023-12-29,1,676,1,0
2023-12-30,1,828,0,0
2023-12-31,1,912,1,0
2024-01-01,1,210,0,0
2024-01-02,1,331,0,0
2024-01-03,1,343,0,0
2024-01-04,1,331,0,0
2024-01-05,1,254,0,0
2024-01-06,1,473,0,0
2024-01-07,1,483,0,0
2024-01-08,1,237,0,0
2024-01-09,1,312,0,0
2024-01-10,1,444,1,0
2024-01-11,1,316,0,0
2024-01-12,1,320,0,0
2024-01-13,1,475,0,0
2024-01-14,1,441,0,0
2024-01-15,1,232,0,0
2024-01-16,1,356,0,0
2024-01-17,1,304,0,0
2024-01-18,1,441,1,0
2024-01-19,1,318,0,0
2024-01-20,1,422,0,0
2024-01-21,1,673,1,0
2024-01-22,1,282,0,0
2024-01-23,1,322,0,0
2024-01-24,1,332,0,0
2024-01-25,1,453,1,0
2024-01-26,1,303,0,0
2024-01-27,1,429,0,0
2024-01-28,1,466,0,0
2024-01-29,1,241,0,0
2024-01-30,1,332,0,0
2024-01-31,1,272,0,0
2024-02-01,1,322,0,0
2024-02-02,1,342,0,0
2024-02-03,1,642,1,0
2024-02-04,1,690,1,0
2024-02-05,1,243,0,0
2024-02-06,1,332,0,0
2024-02-07,1,359,0,0
2024-02-08,1,342,0,0
2024-02-09,1,356,0,0
2024-02-10,1,424,0,0
2024-02-11,1,472,0,0
2024-02-12,1,263,0,0
2024-02-13,1,338,0,0
2024-02-14,1,314,0,0
2024-02-15,1,371,0,0
2024-02-16,1,354,0,0
2024-02-17,1,514,0,0
2024-02-18,1,481,0,0
2024-02-19,1,343,1,0
2024-02-20,1,353,0,0
2024-02-21,1,372,0,0
2024-02-22,1,344,0,0
2024-02-23,1,421,1,0
2024-02-24,1,450,0,0
2024-02-25,1,639,1,0
2024-02-26,1,407,1,0
2024-02-27,1,386,0,0
2024-02-28,1,425,1,0
2024-02-29,1,347,0,0
2024-03-01,1,434,1,0
2024-03-02,1,425,0,0
2024-03-03,1,495,0,0
2024-03-04,1,274,0,0
2024-03-05,1,344,0,0
2024-03-06,1,334,0,0
2024-03-07,1,347,0,0
2024-03-08,1,467,1,0
2024-03-09,1,684,1,0
2024-03-10,1,444,0,0
2024-03-11,1,392,1,0
2024-03-12,1,359,0,0
2024-03-13,1,348,0,0
2024-03-14,1,460,1,0
2024-03-15,1,337,0,0
2024-03-16,1,473,0,0
2024-03-17,1,644,1,0
2024-03-18,1,323,1,0
2024-03-19,1,403,0,0
2024-03-20,1,370,0,0
2024-03-21,1,390,0,0
2024-03-22,1,483,1,0
2024-03-23,1,453,0,0
2024-03-24,1,496,0,0
2024-03-25,1,291,0,0
2024-03-26,1,427,1,0
2024-03-27,1,376,0,0
2024-03-28,1,330,0,0
2024-03-29,1,361,0,0
2024-03-30,1,534,0,0
2024-03-31,1,489,0,0
2024-04-01,1,305,0,0
2024-04-02,1,408,1,0
2024-04-03,1,312,0,0
2024-04-04,1,320,0,0
2024-04-05,1,285,0,0
2024-04-06,1,560,1,0
2024-04-07,1,536,0,0
2024-04-08,1,300,0,0
2024-04-09,1,327,0,0
2024-04-10,1,404,0,0
2024-04-11,1,335,0,0
2024-04-12,1,395,0,0
2024-04-13,1,554,0,0
2024-04-14,1,457,0,0
2024-04-15,1,396,1,0
2024-04-16,1,375,0,0
2024-04-17,1,326,0,0
2024-04-18,1,362,1,0
2024-04-19,1,367,0,0
2024-04-20,1,450,0,0
2024-04-21,1,478,0,0
2024-04-22,1,280,0,0
2024-04-23,1,361,0,0
2024-04-24,1,335,0,0
2024-04-25,1,352,0,0
2024-04-26,1,511,1,0
2024-04-27,1,409,0,0
2024-04-28,1,429,0,0
2024-04-29,1,251,0,0
2024-04-30,1,331,0,0
2024-05-01,1,367,0,0
2024-05-02,1,375,0,0
2024-05-03,1,460,1,0
2024-05-04,1,478,0,0
2024-05-05,1,540,0,0
2024-05-06,1,282,0,0
2024-05-07,1,336,0,0
2024-05-08,1,372,0,0
2024-05-09,1,369,0,0
2024-05-10,1,358,0,0
2024-05-11,1,464,0,0
2024-05-12,1,606,1,0
2024-05-13,1,258,0,0
2024-05-14,1,438,1,0
2024-05-15,1,435,1,0
2024-05-16,1,333,0,0
2024-05-17,1,348,0,0
2024-05-18,1,664,1,0
2024-05-19,1,444,0,0
2024-05-20,1,284,0,0
2024-05-21,1,351,0,0
2024-05-22,1,467,1,0
2024-05-23,1,332,0,0
2024-05-24,1,318,0,0
2024-05-25,1,512,0,0
2024-05-26,1,493,0,0
2024-05-27,1,287,0,0
2024-05-28,1,338,0,0
2024-05-29,1,335,0,0
2024-05-30,1,511,1,0
2024-05-31,1,425,0,0
2024-06-01,1,647,1,0
2024-06-02,1,497,0,0
2024-06-03,1,279,0,0
2024-06-04,1,327,0,0
2024-06-05,1,338,0,0
2024-06-06,1,408,0,0
2024-06-07,1,331,0,0
2024-06-08,1,495,0,0
2024-06-09,1,630,1,0
2024-06-10,1,378,1,0
2024-06-11,1,332,0,0
2024-06-12,1,337,0,0
2024-06-13,1,420,1,0
2024-06-14,1,479,1,0
2024-06-15,1,647,1,0
2024-06-16,1,514,0,0
2024-06-17,1,379,1,0
2024-06-18,1,448,1,0
2024-06-19,1,325,0,0
2024-06-20,1,353,0,0
2024-06-21,1,527,1,0
2024-06-22,1,638,1,0
2024-06-23,1,422,0,0
2024-06-24,1,388,1,0
2024-06-25,1,387,0,0
2024-06-26,1,369,0,0
2024-06-27,1,431,1,0
2024-06-28,1,357,0,0
2024-06-29,1,715,1,0
2024-06-30,1,647,1,0
2024-07-01,1,325,0,1
2024-07-02,1,551,1,1
2024-07-03,1,419,0,1
2024-07-04,1,386,0,1
2024-07-05,1,433,0,1
2024-07-06,1,608,0,0
2024-07-07,1,823,1,0
2024-07-08,1,340,0,1
2024-07-09,1,386,0,1
2024-07-10,1,418,0,1
2024-07-11,1,488,0,1
2024-07-12,1,587,1,1
2024-07-13,1,560,0,0
2024-07-14,1,847,1,0
2024-07-15,1,529,1,1
2024-07-16,1,440,0,1
2024-07-17,1,422,0,1
2024-07-18,1,473,0,1
2024-07-19,1,411,0,1
2024-07-20,1,648,0,0
2024-07-21,1,573,0,0
2024-07-22,1,332,0,1
2024-07-23,1,455,0,1
2024-07-24,1,472,0,1
2024-07-25,1,426,0,1
2024-07-26,1,637,1,1
2024-07-27,1,620,0,0
2024-07-28,1,564,0,0
2024-07-29,1,333,0,1
2024-07-30,1,605,1,1
2024-07-31,1,478,0,1
2024-08-01,1,465,0,1
2024-08-02,1,466,0,1
2024-08-03,1,729,1,0
2024-08-04,1,862,1,0
2024-08-05,1,363,0,1
2024-08-06,1,441,0,1
2024-08-07,1,454,0,1
2024-08-08,1,373,0,1
2024-08-09,1,477,1,1
2024-08-10,1,617,0,0
2024-08-11,1,602,0,0
2024-08-12,1,340,0,1
2024-08-13,1,604,1,1
2024-08-14,1,439,0,1
2024-08-15,1,599,1,1
2024-08-16,1,464,0,1
2024-08-17,1,581,0,0
2024-08-18,1,842,1,0
2024-08-19,1,329,0,1
2024-08-20,1,368,0,1
2024-08-21,1,424,0,1
2024-08-22,1,470,0,1
2024-08-23,1,404,0,1
2024-08-24,1,849,1,0
2024-08-25,1,652,0,0
2024-08-26,1,497,1,1
2024-08-27,1,412,0,1
2024-08-28,1,409,0,1
2024-08-29,1,589,1,1
2024-08-30,1,445,0,1
2024-08-31,1,866,1,0
2024-09-01,1,722,1,0
2024-09-02,1,353,0,0
2024-09-03,1,406,0,0
2024-09-04,1,353,0,0
2024-09-05,1,574,1,0
2024-09-06,1,331,0,0
2024-09-07,1,468,0,0
2024-09-08,1,542,0,0
2024-09-09,1,285,0,0
2024-09-10,1,294,0,0
2024-09-11,1,550,1,0
2024-09-12,1,382,0,0
2024-09-13,1,361,0,0
2024-09-14,1,503,0,0
2024-09-15,1,502,0,0
2024-09-16,1,244,0,0
2024-09-17,1,339,0,0
2024-09-18,1,346,0,0
2024-09-19,1,397,0,0
2024-09-20,1,349,0,0
2024-09-21,1,528,0,0
2024-09-22,1,505,0,0
2024-09-23,1,272,0,0
2024-09-24,1,374,0,0
2024-09-25,1,366,0,0
2024-09-26,1,398,0,0
2024-09-27,1,479,1,0
2024-09-28,1,487,0,0
2024-09-29,1,548,0,0
2024-09-30,1,289,0,0
2024-10-01,1,394,0,0
2024-10-02,1,474,1,0
2024-10-03,1,502,1,0
2024-10-04,1,349,0,0
2024-10-05,1,481,0,0
2024-10-06,1,424,0,0
2024-10-07,1,330,0,0
2024-10-08,1,354,0,0
2024-10-09,1,383,0,0
2024-10-10,1,363,0,0
2024-10-11,1,403,0,0
2024-10-12,1,444,0,0
2024-10-13,1,525,0,0
2024-10-14,1,423,1,0
2024-10-15,1,371,0,0
2024-10-16,1,347,0,0
2024-10-17,1,319,0,0
2024-10-18,1,350,0,0
2024-10-19,1,436,0,0
2024-10-20,1,548,0,0
2024-10-21,1,307,0,0
2024-10-22,1,395,0,0
2024-10-23,1,342,0,0
2024-10-24,1,456,1,0
2024-10-25,1,386,0,0
2024-10-26,1,728,1,0
2024-10-27,1,599,1,0
2024-10-28,1,280,0,0
2024-10-29,1,418,0,0
2024-10-30,1,394,0,0
2024-10-31,1,364,0,0
2024-11-01,1,335,0,0
2024-11-02,1,648,1,0
2024-11-03,1,502,0,0
2024-11-04,1,264,0,0
2024-11-05,1,408,0,0
2024-11-06,1,405,0,0
2024-11-07,1,337,0,0
2024-11-08,1,429,0,0
2024-11-09,1,502,0,0
2024-11-10,1,522,0,0
2024-11-11,1,387,1,0
2024-11-12,1,340,0,0
2024-11-13,1,362,0,0
2024-11-14,1,431,1,0
2024-11-15,1,490,1,0
2024-11-16,1,519,0,0
2024-11-17,1,719,1,0
2024-11-18,1,262,0,0
2024-11-19,1,329,0,0
2024-11-20,1,379,0,0
2024-11-21,1,339,0,0
2024-11-22,1,496,1,0
2024-11-23,1,576,0,0
2024-11-24,1,471,0,0
2024-11-25,1,377,1,0
2024-11-26,1,404,0,0
2024-11-27,1,320,0,0
2024-11-28,1,369,0,0
2024-11-29,1,445,0,0
2024-11-30,1,726,1,0
2024-12-01,1,846,0,0
2024-12-02,1,435,0,0
2024-12-03,1,506,0,0
2024-12-04,1,495,0,0
2024-12-05,1,776,1,0
2024-12-06,1,778,1,0
2024-12-07,1,1219,1,0
2024-12-08,1,768,0,0
2024-12-09,1,624,1,0
2024-12-10,1,560,0,0
2024-12-11,1,692,1,0
2024-12-12,1,577,0,0
2024-12-13,1,613,0,0
2024-12-14,1,833,0,0
2024-12-15,1,747,0,0
2024-12-16,1,552,0,0
2024-12-17,1,749,1,0
2024-12-18,1,839,1,0
2024-12-19,1,745,1,0
2024-12-20,1,620,0,0
2024-12-21,1,1055,1,0
2024-12-22,1,786,0,0
2024-12-23,1,491,0,0
2024-12-24,1,657,0,0
2024-12-25,1,557,0,0
2024-12-26,1,550,0,0
2024-12-27,1,535,0,0
2024-12-28,1,999,1,0
2024-12-29,1,1017,1,0
2024-12-30,1,436,0,0
2024-12-31,1,609,0,0
2022-01-01,2,378,0,0
2022-01-02,2,385,0,0
2022-01-03,2,296,1,0
2022-01-04,2,384,1,0
2022-01-05,2,330,1,0
2022-01-06,2,265,0,0
2022-01-07,2,226,0,0
2022-01-08,2,317,0,0
2022-01-09,2,368,0,0
2022-01-10,2,279,1,0
2022-01-11,2,262,0,0
2022-01-12,2,274,0,0
2022-01-13,2,292,0,0
2022-01-14,2,261,0,0
2022-01-15,2,361,0,0
2022-01-16,2,346,0,0
2022-01-17,2,224,0,0
2022-01-18,2,336,1,0
2022-01-19,2,256,0,0
2022-01-20,2,275,0,0
2022-01-21,2,264,0,0
2022-01-22,2,368,0,0
2022-01-23,2,343,0,0
2022-01-24,2,291,1,0
2022-01-25,2,309,0,0
2022-01-26,2,236,0,0
2022-01-27,2,240,0,0
2022-01-28,2,280,0,0
2022-01-29,2,508,1,0
2022-01-30,2,410,0,0
2022-01-31,2,198,0,0
2022-02-01,2,283,0,0
2022-02-02,2,271,0,0
2022-02-03,2,244,0,0
2022-02-04,2,251,0,0
2022-02-05,2,371,0,0
2022-02-06,2,345,0,0
2022-02-07,2,231,0,0
2022-02-08,2,280,0,0
2022-02-09,2,254,0,0
2022-02-10,2,353,1,0
2022-02-11,2,385,1,0
2022-02-12,2,370,0,0
2022-02-13,2,431,0,0
2022-02-14,2,221,0,0
2022-02-15,2,248,0,0
2022-02-16,2,329,1,0
2022-02-17,2,289,0,0
2022-02-18,2,347,1,0
2022-02-19,2,377,0,0
2022-02-20,2,390,1,0
2022-02-21,2,213,0,0
2022-02-22,2,237,0,0
2022-02-23,2,236,0,0
2022-02-24,2,396,1,0
2022-02-25,2,351,1,0
2022-02-26,2,363,0,0
2022-02-27,2,591,1,0
2022-02-28,2,231,0,0
2022-03-01,2,302,0,0
2022-03-02,2,295,0,0
2022-03-03,2,285,0,0
2022-03-04,2,301,0,0
2022-03-05,2,353,0,0
2022-03-06,2,472,1,0
2022-03-07,2,190,0,0
2022-03-08,2,231,0,0
2022-03-09,2,366,1,0
2022-03-10,2,236,0,0
2022-03-11,2,245,0,0
2022-03-12,2,370,0,0
2022-03-13,2,297,0,0
2022-03-14,2,214,0,0
2022-03-15,2,270,0,0
2022-03-16,2,423,1,0
2022-03-17,2,274,0,0
2022-03-18,2,368,1,0
2022-03-19,2,574,1,0
2022-03-20,2,371,0,0
2022-03-21,2,219,0,0
2022-03-22,2,292,0,0
2022-03-23,2,254,0,0
2022-03-24,2,292,0,0
2022-03-25,2,326,1,0
2022-03-26,2,540,1,0
2022-03-27,2,400,0,0
2022-03-28,2,210,0,0
2022-03-29,2,268,0,0
2022-03-30,2,308,0,0
2022-03-31,2,269,0,0
2022-04-01,2,284,0,0
2022-04-02,2,383,0,0
2022-04-03,2,361,0,0
2022-04-04,2,207,0,0
2022-04-05,2,281,0,0
2022-04-06,2,303,0,0
2022-04-07,2,330,1,0
2022-04-08,2,307,0,0
2022-04-09,2,402,0,0
2022-04-10,2,375,0,0
2022-04-11,2,224,0,0
2022-04-12,2,287,0,0
2022-04-13,2,250,0,0
2022-04-14,2,365,1,0
2022-04-15,2,274,0,0
2022-04-16,2,334,0,0
2022-04-17,2,410,0,0
2022-04-18,2,208,0,0
2022-04-19,2,262,0,0
2022-04-20,2,273,0,0
2022-04-21,2,284,0,0
2022-04-22,2,283,0,0
2022-04-23,2,522,1,0
2022-04-24,2,395,0,0
2022-04-25,2,207,0,0
2022-04-26,2,279,0,0
2022-04-27,2,388,1,0
2022-04-28,2,355,1,0
2022-04-29,2,373,1,0
2022-04-30,2,546,1,0
2022-05-01,2,518,1,0
2022-05-02,2,199,0,0
2022-05-03,2,307,0,0
2022-05-04,2,302,0,0
2022-05-05,2,276,0,0
2022-05-06,2,311,0,0
2022-05-07,2,407,0,0
2022-05-08,2,381,0,0
2022-05-09,2,209,0,0
2022-05-10,2,342,1,0
2022-05-11,2,274,0,0
2022-05-12,2,258,0,0
2022-05-13,2,260,0,0
2022-05-14,2,400,0,0
2022-05-15,2,347,0,0
2022-05-16,2,262,1,0
2022-05-17,2,379,1,0
2022-05-18,2,291,0,0
2022-05-19,2,388,1,0
2022-05-20,2,243,0,0
2022-05-21,2,368,0,0
2022-05-22,2,502,1,0
2022-05-23,2,196,0,0
2022-05-24,2,280,0,0
2022-05-25,2,284,0,0
2022-05-26,2,275,0,0
2022-05-27,2,331,1,0
2022-05-28,2,454,0,0
2022-05-29,2,367,0,0
2022-05-30,2,241,0,0
2022-05-31,2,421,1,0
2022-06-01,2,271,0,0
2022-06-02,2,290,0,0
2022-06-03,2,251,0,0
2022-06-04,2,382,0,0
2022-06-05,2,407,0,0
2022-06-06,2,225,0,0
2022-06-07,2,297,0,0
2022-06-08,2,365,1,0
2022-06-09,2,303,0,0
2022-06-10,2,351,1,0
2022-06-11,2,551,1,0
2022-06-12,2,376,0,0
2022-06-13,2,195,0,0
2022-06-14,2,298,0,0
2022-06-15,2,224,0,0
2022-06-16,2,359,1,0
2022-06-17,2,259,0,0
2022-06-18,2,434,0,0
2022-06-19,2,570,1,0
2022-06-20,2,207,0,0
2022-06-21,2,256,0,0
2022-06-22,2,368,1,0
2022-06-23,2,348,1,0
2022-06-24,2,427,1,0
2022-06-25,2,342,0,0
2022-06-26,2,455,0,0
2022-06-27,2,234,0,0
2022-06-28,2,401,1,0
2022-06-29,2,286,0,0
2022-06-30,2,248,0,0
2022-07-01,2,363,0,1
2022-07-02,2,647,1,0
2022-07-03,2,442,0,0
2022-07-04,2,297,0,1
2022-07-05,2,369,0,1
2022-07-06,2,502,1,1
2022-07-07,2,496,1,1
2022-07-08,2,328,0,1
2022-07-09,2,501,0,0
2022-07-10,2,521,0,0
2022-07-11,2,295,0,1
2022-07-12,2,375,1,1
2022-07-13,2,341,0,1
2022-07-14,2,437,1,1
2022-07-15,2,383,0,1
2022-07-16,2,647,1,0
2022-07-17,2,499,0,0
2022-07-18,2,279,0,1
2022-07-19,2,514,1,1
2022-07-20,2,395,0,1
2022-07-21,2,467,1,1
2022-07-22,2,351,0,1
2022-07-23,2,537,0,0
2022-07-24,2,440,0,0
2022-07-25,2,343,1,1
2022-07-26,2,327,0,1
2022-07-27,2,367,0,1
2022-07-28,2,348,0,1
2022-07-29,2,328,0,1
2022-07-30,2,533,0,0
2022-07-31,2,426,0,0
2022-08-01,2,262,0,1
2022-08-02,2,462,1,1
2022-08-03,2,397,0,1
2022-08-04,2,329,0,1
2022-08-05,2,362,0,1
2022-08-06,2,480,0,0
2022-08-07,2,440,0,0
2022-08-08,2,290,0,1
2022-08-09,2,458,1,1
2022-08-10,2,333,0,1
2022-08-11,2,311,0,1
2022-08-12,2,473,1,1
2022-08-13,2,547,0,0
2022-08-14,2,464,0,0
2022-08-15,2,254,0,1
2022-08-16,2,302,0,1
2022-08-17,2,300,0,1
2022-08-18,2,346,0,1
2022-08-19,2,352,0,1
2022-08-20,2,505,0,0
2022-08-21,2,486,0,0
2022-08-22,2,284,0,1
2022-08-23,2,392,0,1
2022-08-24,2,385,0,1
2022-08-25,2,384,0,1
2022-08-26,2,379,0,1
2022-08-27,2,517,0,0
2022-08-28,2,582,1,0
2022-08-29,2,373,1,1
2022-08-30,2,359,0,1
2022-08-31,2,327,0,1
2022-09-01,2,333,0,0
2022-09-02,2,285,0,0
2022-09-03,2,482,1,0
2022-09-04,2,398,0,0
2022-09-05,2,242,0,0
2022-09-06,2,369,1,0
2022-09-07,2,290,0,0
2022-09-08,2,346,1,0
2022-09-09,2,284,0,0
2022-09-10,2,412,0,0
2022-09-11,2,409,0,0
2022-09-12,2,251,0,0
2022-09-13,2,271,0,0
2022-09-14,2,303,0,0
2022-09-15,2,308,0,0
2022-09-16,2,278,0,0
2022-09-17,2,384,0,0
2022-09-18,2,470,0,0
2022-09-19,2,230,0,0
2022-09-20,2,305,0,0
2022-09-21,2,414,1,0
2022-09-22,2,355,1,0
2022-09-23,2,301,0,0
2022-09-24,2,420,0,0
2022-09-25,2,472,0,0
2022-09-26,2,240,0,0
2022-09-27,2,315,0,0
2022-09-28,2,316,0,0
2022-09-29,2,290,0,0
2022-09-30,2,470,1,0
2022-10-01,2,391,0,0
2022-10-02,2,362,0,0
2022-10-03,2,199,0,0
2022-10-04,2,386,1,0
2022-10-05,2,255,0,0
2022-10-06,2,281,0,0
2022-10-07,2,298,0,0
2022-10-08,2,575,1,0
2022-10-09,2,405,0,0
2022-10-10,2,225,0,0
2022-10-11,2,286,0,0
2022-10-12,2,311,0,0
2022-10-13,2,370,1,0
2022-10-14,2,381,1,0
2022-10-15,2,430,0,0
2022-10-16,2,422,0,0
2022-10-17,2,207,0,0
2022-10-18,2,324,0,0
2022-10-19,2,389,1,0
2022-10-20,2,272,0,0
2022-10-21,2,267,0,0
2022-10-22,2,615,1,0
2022-10-23,2,348,0,0
2022-10-24,2,248,0,0
2022-10-25,2,433,1,0
2022-10-26,2,393,1,0
2022-10-27,2,339,0,0
2022-10-28,2,277,0,0
2022-10-29,2,439,0,0
2022-10-30,2,425,0,0
2022-10-31,2,274,0,0
2022-11-01,2,294,0,0
2022-11-02,2,312,0,0
2022-11-03,2,304,0,0
2022-11-04,2,265,0,0
2022-11-05,2,418,0,0
2022-11-06,2,403,0,0
2022-11-07,2,244,0,0
2022-11-08,2,313,0,0
2022-11-09,2,335,0,0
2022-11-10,2,246,0,0
2022-11-11,2,303,0,0
2022-11-12,2,380,0,0
2022-11-13,2,598,1,0
2022-11-14,2,285,0,0
2022-11-15,2,295,0,0
2022-11-16,2,284,0,0
2022-11-17,2,292,0,0
2022-11-18,2,368,1,0
2022-11-19,2,334,0,0
2022-11-20,2,434,0,0
2022-11-21,2,327,1,0
2022-11-22,2,285,0,0
2022-11-23,2,277,0,0
2022-11-24,2,325,0,0
2022-11-25,2,335,0,0
2022-11-26,2,582,1,0
2022-11-27,2,480,1,0
2022-11-28,2,324,1,0
2022-11-29,2,313,0,0
2022-11-30,2,402,1,0
2022-12-01,2,451,0,0
2022-12-02,2,584,1,0
2022-12-03,2,848,1,0
2022-12-04,2,691,0,0
2022-12-05,2,503,1,0
2022-12-06,2,439,0,0
2022-12-07,2,449,0,0
2022-12-08,2,687,1,0
2022-12-09,2,420,0,0
2022-12-10,2,609,0,0
2022-12-11,2,635,0,0
2022-12-12,2,350,0,0
2022-12-13,2,508,0,0
2022-12-14,2,497,0,0
2022-12-15,2,453,0,0
2022-12-16,2,539,0,0
2022-12-17,2,891,1,0
2022-12-18,2,725,0,0
2022-12-19,2,555,1,0
2022-12-20,2,645,1,0
2022-12-21,2,567,1,0
2022-12-22,2,465,0,0
2022-12-23,2,436,0,0
2022-12-24,2,676,0,0
2022-12-25,2,901,1,0
2022-12-26,2,509,1,0
2022-12-27,2,493,0,0
2022-12-28,2,475,0,0
2022-12-29,2,460,0,0
2022-12-30,2,419,0,0
2022-12-31,2,617,0,0
2023-01-01,2,399,0,0
2023-01-02,2,264,0,0
2023-01-03,2,306,0,0
2023-01-04,2,315,0,0
2023-01-05,2,298,0,0
2023-01-06,2,456,1,0
2023-01-07,2,455,0,0
2023-01-08,2,438,0,0
2023-01-09,2,247,0,0
2023-01-10,2,290,0,0
2023-01-11,2,296,0,0
2023-01-12,2,273,0,0
2023-01-13,2,327,0,0
2023-01-14,2,622,1,0
2023-01-15,2,463,0,0
2023-01-16,2,230,0,0
2023-01-17,2,348,0,0
2023-01-18,2,304,0,0
2023-01-19,2,324,0,0
2023-01-20,2,281,0,0
2023-01-21,2,646,1,0
2023-01-22,2,623,1,0
2023-01-23,2,330,1,0
2023-01-24,2,406,1,0
2023-01-25,2,329,0,0
2023-01-26,2,342,0,0
2023-01-27,2,395,1,0
2023-01-28,2,588,1,0
2023-01-29,2,421,0,0
2023-01-30,2,275,0,0
2023-01-31,2,299,0,0
2023-02-01,2,284,0,0
2023-02-02,2,331,0,0
2023-02-03,2,469,1,0
2023-02-04,2,462,0,0
2023-02-05,2,645,1,0
2023-02-06,2,292,0,0
2023-02-07,2,480,1,0
2023-02-08,2,485,1,0
2023-02-09,2,485,1,0
2023-02-10,2,303,0,0
2023-02-11,2,466,0,0
2023-02-12,2,604,1,0
2023-02-13,2,222,0,0
2023-02-14,2,431,1,0
2023-02-15,2,465,1,0
2023-02-16,2,330,0,0
2023-02-17,2,314,0,0
2023-02-18,2,420,0,0
2023-02-19,2,463,0,0
2023-02-20,2,250,0,0
2023-02-21,2,345,0,0
2023-02-22,2,344,0,0
2023-02-23,2,327,0,0
2023-02-24,2,291,0,0
2023-02-25,2,430,0,0
2023-02-26,2,509,0,0
2023-02-27,2,357,1,0
2023-02-28,2,351,0,0
2023-03-01,2,395,1,0
2023-03-02,2,396,0,0
2023-03-03,2,276,0,0
2023-03-04,2,627,1,0
2023-03-05,2,384,0,0
2023-03-06,2,277,0,0
2023-03-07,2,298,0,0
2023-03-08,2,315,0,0
2023-03-09,2,442,1,0
2023-03-10,2,339,0,0
2023-03-11,2,595,1,0
2023-03-12,2,455,0,0
2023-03-13,2,261,0,0
2023-03-14,2,321,0,0
2023-03-15,2,425,1,0
2023-03-16,2,307,0,0
2023-03-17,2,444,1,0
2023-03-18,2,620,1,0
2023-03-19,2,424,0,0
2023-03-20,2,252,0,0
2023-03-21,2,276,0,0
2023-03-22,2,315,0,0
2023-03-23,2,277,0,0
2023-03-24,2,417,1,0
2023-03-25,2,413,0,0
2023-03-26,2,422,0,0
2023-03-27,2,285,0,0
2023-03-28,2,292,0,0
2023-03-29,2,312,0,0
2023-03-30,2,330,0,0
2023-03-31,2,368,1,0
2023-04-01,2,445,0,0
2023-04-02,2,620,1,0
2023-04-03,2,236,0,0
2023-04-04,2,285,0,0
2023-04-05,2,343,0,0
2023-04-06,2,274,0,0
2023-04-07,2,422,1,0
2023-04-08,2,409,0,0
2023-04-09,2,368,0,0
2023-04-10,2,282,0,0
2023-04-11,2,460,1,0
2023-04-12,2,355,0,0
2023-04-13,2,442,1,0
2023-04-14,2,396,1,0
2023-04-15,2,435,0,0
2023-04-16,2,333,0,0
2023-04-17,2,309,1,0
2023-04-18,2,317,0,0
2023-04-19,2,352,0,0
2023-04-20,2,312,0,0
2023-04-21,2,334,0,0
2023-04-22,2,627,1,0
2023-04-23,2,409,0,0
2023-04-24,2,234,0,0
2023-04-25,2,342,0,0
2023-04-26,2,302,0,0
2023-04-27,2,336,0,0
2023-04-28,2,302,0,0
2023-04-29,2,430,0,0
2023-04-30,2,635,1,0
2023-05-01,2,347,1,0
2023-05-02,2,317,0,0
2023-05-03,2,405,1,0
2023-05-04,2,329,0,0
2023-05-05,2,411,1,0
2023-05-06,2,643,1,0
2023-05-07,2,422,0,0
2023-05-08,2,254,0,0
2023-05-09,2,341,0,0
2023-05-10,2,335,0,0
2023-05-11,2,337,0,0
2023-05-12,2,437,1,0
2023-05-13,2,415,0,0
2023-05-14,2,489,0,0
2023-05-15,2,262,0,0
2023-05-16,2,311,0,0
2023-05-17,2,417,1,0
2023-05-18,2,370,0,0
2023-05-19,2,323,0,0
2023-05-20,2,532,0,0
2023-05-21,2,552,1,0
2023-05-22,2,388,1,0
2023-05-23,2,319,0,0
2023-05-24,2,313,0,0
2023-05-25,2,300,0,0
2023-05-26,2,330,0,0
2023-05-27,2,494,0,0
2023-05-28,2,464,0,0
2023-05-29,2,253,0,0
2023-05-30,2,390,1,0
2023-05-31,2,322,0,0
2023-06-01,2,337,0,0
2023-06-02,2,307,0,0
2023-06-03,2,508,0,0
2023-06-04,2,445,0,0
2023-06-05,2,367,1,0
2023-06-06,2,319,0,0
2023-06-07,2,351,0,0
2023-06-08,2,334,0,0
2023-06-09,2,372,0,0
2023-06-10,2,469,0,0
2023-06-11,2,483,0,0
2023-06-12,2,269,0,0
2023-06-13,2,301,0,0
2023-06-14,2,490,1,0
2023-06-15,2,460,1,0
2023-06-16,2,346,0,0
2023-06-17,2,502,0,0
2023-06-18,2,504,0,0
2023-06-19,2,328,1,0
2023-06-20,2,299,0,0
2023-06-21,2,311,0,0
2023-06-22,2,405,1,0
2023-06-23,2,433,1,0
2023-06-24,2,572,1,0
2023-06-25,2,426,0,0
2023-06-26,2,369,1,0
2023-06-27,2,290,0,0
2023-06-28,2,334,0,0
2023-06-29,2,356,0,0
2023-06-30,2,356,0,0
2023-07-01,2,793,1,0
2023-07-02,2,594,0,0
2023-07-03,2,338,0,1
2023-07-04,2,366,0,1
2023-07-05,2,393,0,1
2023-07-06,2,421,0,1
2023-07-07,2,386,0,1
2023-07-08,2,541,0,0
2023-07-09,2,574,0,0
2023-07-10,2,366,0,1
2023-07-11,2,428,0,1
2023-07-12,2,351,0,1
2023-07-13,2,407,0,1
2023-07-14,2,501,1,1
2023-07-15,2,604,0,0
2023-07-16,2,840,1,0
2023-07-17,2,503,1,1
2023-07-18,2,581,1,1
2023-07-19,2,419,0,1
2023-07-20,2,421,0,1
2023-07-21,2,371,0,1
2023-07-22,2,759,1,0
2023-07-23,2,574,0,0
2023-07-24,2,306,0,1
2023-07-25,2,419,0,1
2023-07-26,2,473,0,1
2023-07-27,2,349,0,1
2023-07-28,2,573,1,1
2023-07-29,2,763,1,0
2023-07-30,2,589,0,0
2023-07-31,2,328,0,1
2023-08-01,2,397,0,1
2023-08-02,2,360,0,1
2023-08-03,2,428,0,1
2023-08-04,2,421,0,1
2023-08-05,2,590,0,0
2023-08-06,2,623,0,0
2023-08-07,2,312,0,1
2023-08-08,2,405,0,1
2023-08-09,2,380,0,1
2023-08-10,2,526,1,1
2023-08-11,2,494,1,1
2023-08-12,2,723,1,0
2023-08-13,2,469,0,0
2023-08-14,2,453,1,1
2023-08-15,2,473,0,1
2023-08-16,2,371,0,1
2023-08-17,2,399,0,1
2023-08-18,2,629,1,1
2023-08-19,2,596,0,0
2023-08-20,2,586,0,0
2023-08-21,2,410,1,1
2023-08-22,2,403,0,1
2023-08-23,2,389,0,1
2023-08-24,2,423,0,1
2023-08-25,2,424,0,1
2023-08-26,2,553,0,0
2023-08-27,2,562,0,0
2023-08-28,2,359,0,1
2023-08-29,2,453,0,1
2023-08-30,2,399,0,1
2023-08-31,2,540,1,1
2023-09-01,2,310,0,0
2023-09-02,2,633,1,0
2023-09-03,2,481,0,0
2023-09-04,2,240,0,0
2023-09-05,2,477,1,0
2023-09-06,2,454,1,0
2023-09-07,2,515,1,0
2023-09-08,2,383,0,0
2023-09-09,2,754,1,0
2023-09-10,2,495,0,0
2023-09-11,2,269,0,0
2023-09-12,2,475,1,0
2023-09-13,2,338,0,0
2023-09-14,2,377,0,0
2023-09-15,2,490,1,0
2023-09-16,2,465,0,0
2023-09-17,2,509,0,0
2023-09-18,2,237,0,0
2023-09-19,2,387,0,0
2023-09-20,2,326,0,0
2023-09-21,2,383,0,0
2023-09-22,2,333,0,0
2023-09-23,2,658,1,0
2023-09-24,2,471,0,0
2023-09-25,2,287,0,0
2023-09-26,2,314,0,0
2023-09-27,2,284,0,0
2023-09-28,2,381,0,0
2023-09-29,2,388,0,0
2023-09-30,2,631,1,0
2023-10-01,2,453,0,0
2023-10-02,2,273,0,0
2023-10-03,2,316,0,0
2023-10-04,2,357,0,0
2023-10-05,2,337,0,0
2023-10-06,2,450,1,0
2023-10-07,2,626,1,0
2023-10-08,2,483,0,0
2023-10-09,2,270,0,0
2023-10-10,2,346,0,0
2023-10-11,2,329,0,0
2023-10-12,2,376,0,0
2023-10-13,2,358,0,0
2023-10-14,2,485,0,0
2023-10-15,2,449,0,0
2023-10-16,2,405,1,0
2023-10-17,2,331,0,0
2023-10-18,2,351,0,0
2023-10-19,2,449,1,0
2023-10-20,2,368,0,0
2023-10-21,2,556,1,0
2023-10-22,2,629,1,0
2023-10-23,2,295,0,0
2023-10-24,2,328,0,0
2023-10-25,2,296,0,0
2023-10-26,2,331,0,0
2023-10-27,2,358,0,0
2023-10-28,2,600,1,0
2023-10-29,2,654,1,0
2023-10-30,2,277,0,0
2023-10-31,2,399,0,0
2023-11-01,2,327,0,0
2023-11-02,2,395,0,0
2023-11-03,2,327,0,0
2023-11-04,2,513,0,0
2023-11-05,2,648,1,0
2023-11-06,2,271,0,0
2023-11-07,2,312,0,0
2023-11-08,2,367,0,0
2023-11-09,2,513,1,0
2023-11-10,2,366,0,0
2023-11-11,2,466,0,0
2023-11-12,2,479,0,0
2023-11-13,2,375,1,0
2023-11-14,2,370,0,0
2023-11-15,2,385,0,0
2023-11-16,2,466,1,0
2023-11-17,2,302,0,0
2023-11-18,2,422,0,0
2023-11-19,2,464,0,0
2023-11-20,2,410,1,0
2023-11-21,2,369,0,0
2023-11-22,2,504,1,0
2023-11-23,2,334,0,0
2023-11-24,2,461,1,0
2023-11-25,2,532,0,0
2023-11-26,2,561,0,0
2023-11-27,2,305,0,0
2023-11-28,2,381,0,0
2023-11-29,2,333,0,0
2023-11-30,2,373,0,0
2023-12-01,2,477,0,0
2023-12-02,2,811,0,0
2023-12-03,2,767,0,0
2023-12-04,2,417,0,0
2023-12-05,2,599,1,0
2023-12-06,2,521,0,0
2023-12-07,2,533,0,0
2023-12-08,2,538,0,0
2023-12-09,2,733,0,0
2023-12-10,2,716,0,0
2023-12-11,2,398,0,0
2023-12-12,2,817,1,0
2023-12-13,2,619,0,0
2023-12-14,2,544,0,0
2023-12-15,2,502,0,0
2023-12-16,2,927,1,0
2023-12-17,2,734,0,0
2023-12-18,2,495,0,0
2023-12-19,2,739,1,0
2023-12-20,2,794,1,0
2023-12-21,2,793,1,0
2023-12-22,2,566,0,0
2023-12-23,2,684,0,0
2023-12-24,2,823,0,0
2023-12-25,2,387,0,0
2023-12-26,2,506,0,0
2023-12-27,2,551,0,0
2023-12-28,2,522,0,0
2023-12-29,2,551,0,0
2023-12-30,2,677,0,0
2023-12-31,2,709,0,0
2024-01-01,2,302,0,0
2024-01-02,2,439,0,0
2024-01-03,2,401,0,0
2024-01-04,2,314,0,0
2024-01-05,2,352,0,0
2024-01-06,2,479,0,0
2024-01-07,2,503,0,0
2024-01-08,2,295,0,0
2024-01-09,2,465,1,0
2024-01-10,2,390,0,0
2024-01-11,2,396,0,0
2024-01-12,2,394,0,0
2024-01-13,2,469,0,0
2024-01-14,2,519,0,0
2024-01-15,2,313,0,0
2024-01-16,2,520,1,0
2024-01-17,2,383,0,0
2024-01-18,2,404,0,0
2024-01-19,2,349,0,0
2024-01-20,2,437,0,0
2024-01-21,2,669,1,0
2024-01-22,2,384,1,0
2024-01-23,2,437,0,0
2024-01-24,2,344,0,0
2024-01-25,2,397,0,0
2024-01-26,2,429,0,0
2024-01-27,2,589,0,0
2024-01-28,2,508,0,0
2024-01-29,2,310,0,0
2024-01-30,2,500,1,0
2024-01-31,2,340,0,0
2024-02-01,2,404,0,0
2024-02-02,2,381,0,0
2024-02-03,2,472,0,0
2024-02-04,2,495,0,0
2024-02-05,2,389,1,0
2024-02-06,2,400,0,0
2024-02-07,2,330,0,0
2024-02-08,2,404,1,0
2024-02-09,2,446,1,0
2024-02-10,2,520,0,0
2024-02-11,2,636,1,0
2024-02-12,2,288,0,0
2024-02-13,2,351,0,0
2024-02-14,2,305,0,0
2024-02-15,2,346,0,0
2024-02-16,2,360,0,0
2024-02-17,2,552,0,0
2024-02-18,2,595,0,0
2024-02-19,2,275,0,0
2024-02-20,2,502,1,0
2024-02-21,2,515,1,0
2024-02-22,2,438,0,0
2024-02-23,2,351,0,0
2024-02-24,2,480,0,0
2024-02-25,2,499,0,0
2024-02-26,2,274,0,0
2024-02-27,2,387,0,0
2024-02-28,2,397,0,0
2024-02-29,2,375,0,0
2024-03-01,2,373,0,0
2024-03-02,2,573,0,0
2024-03-03,2,507,0,0
2024-03-04,2,313,0,0
2024-03-05,2,362,0,0
2024-03-06,2,334,0,0
2024-03-07,2,404,0,0
2024-03-08,2,378,0,0
2024-03-09,2,562,0,0
2024-03-10,2,722,1,0
2024-03-11,2,308,0,0
2024-03-12,2,345,0,0
2024-03-13,2,447,0,0
2024-03-14,2,520,1,0
2024-03-15,2,410,0,0
2024-03-16,2,695,1,0
2024-03-17,2,494,0,0
2024-03-18,2,316,0,0
2024-03-19,2,333,0,0
2024-03-20,2,416,0,0
2024-03-21,2,364,0,0
2024-03-22,2,395,0,0
2024-03-23,2,533,0,0
2024-03-24,2,570,0,0
2024-03-25,2,441,1,0
2024-03-26,2,377,0,0
2024-03-27,2,440,1,0
2024-03-28,2,572,1,0
2024-03-29,2,332,0,0
2024-03-30,2,542,0,0
2024-03-31,2,579,0,0
2024-04-01,2,311,0,0
2024-04-02,2,354,0,0
2024-04-03,2,379,0,0
2024-04-04,2,357,0,0
2024-04-05,2,356,0,0
2024-04-06,2,534,0,0
2024-04-07,2,418,0,0
2024-04-08,2,294,0,0
2024-04-09,2,379,0,0
2024-04-10,2,377,0,0
2024-04-11,2,351,0,0
2024-04-12,2,526,1,0
2024-04-13,2,526,0,0
2024-04-14,2,612,0,0
2024-04-15,2,313,0,0
2024-04-16,2,485,1,0
2024-04-17,2,399,0,0
2024-04-18,2,325,0,0
2024-04-19,2,378,0,0
2024-04-20,2,726,1,0
2024-04-21,2,530,0,0
2024-04-22,2,281,0,0
2024-04-23,2,378,0,0
2024-04-24,2,342,0,0
2024-04-25,2,428,0,0
2024-04-26,2,379,0,0
2024-04-27,2,547,0,0
2024-04-28,2,467,0,0
2024-04-29,2,287,0,0
2024-04-30,2,395,0,0
2024-05-01,2,407,0,0
2024-05-02,2,349,0,0
2024-05-03,2,455,1,0
2024-05-04,2,741,1,0
2024-05-05,2,692,1,0
2024-05-06,2,264,0,0
2024-05-07,2,440,1,0
2024-05-08,2,359,0,0
2024-05-09,2,410,0,0
2024-05-10,2,414,0,0
2024-05-11,2,730,1,0
2024-05-12,2,723,1,0
2024-05-13,2,293,0,0
2024-05-14,2,311,0,0
2024-05-15,2,411,0,0
2024-05-16,2,527,1,0
2024-05-17,2,353,0,0
2024-05-18,2,588,0,0
2024-05-19,2,481,0,0
2024-05-20,2,331,0,0
2024-05-21,2,326,0,0
2024-05-22,2,457,0,0
2024-05-23,2,338,0,0
2024-05-24,2,416,0,0
2024-05-25,2,505,0,0
2024-05-26,2,558,0,0
2024-05-27,2,468,1,0
2024-05-28,2,372,0,0
2024-05-29,2,454,0,0
2024-05-30,2,435,0,0
2024-05-31,2,335,0,0
2024-06-01,2,533,0,0
2024-06-02,2,523,0,0
2024-06-03,2,306,0,0
2024-06-04,2,499,1,0
2024-06-05,2,354,0,0
2024-06-06,2,379,0,0
2024-06-07,2,399,0,0
2024-06-08,2,576,1,0
2024-06-09,2,574,0,0
2024-06-10,2,310,0,0
2024-06-11,2,580,1,0
2024-06-12,2,498,1,0
2024-06-13,2,364,0,0
2024-06-14,2,358,0,0
2024-06-15,2,558,0,0
2024-06-16,2,457,0,0
2024-06-17,2,288,0,0
2024-06-18,2,389,0,0
2024-06-19,2,337,0,0
2024-06-20,2,386,0,0
2024-06-21,2,424,0,0
2024-06-22,2,793,1,0
2024-06-23,2,719,1,0
2024-06-24,2,331,0,0
2024-06-25,2,398,0,0
2024-06-26,2,526,1,0
2024-06-27,2,404,0,0
2024-06-28,2,373,0,0
2024-06-29,2,526,0,0
2024-06-30,2,558,0,0
2024-07-01,2,369,0,1
2024-07-02,2,504,0,1
2024-07-03,2,491,0,1
2024-07-04,2,491,0,1
2024-07-05,2,483,0,1
2024-07-06,2,657,0,0
2024-07-07,2,928,1,0
2024-07-08,2,542,1,1
2024-07-09,2,477,0,1
2024-07-10,2,432,0,1
2024-07-11,2,464,0,1
2024-07-12,2,409,0,1
2024-07-13,2,716,0,0
2024-07-14,2,689,0,0
2024-07-15,2,346,0,1
2024-07-16,2,594,1,1
2024-07-17,2,694,1,1
2024-07-18,2,592,1,1
2024-07-19,2,551,1,1
2024-07-20,2,590,0,0
2024-07-21,2,636,0,0
2024-07-22,2,358,0,1
2024-07-23,2,609,1,1
2024-07-24,2,664,1,1
2024-07-25,2,600,1,1
2024-07-26,2,481,0,1
2024-07-27,2,801,1,0
2024-07-28,2,717,0,0
2024-07-29,2,341,0,1
2024-07-30,2,467,0,1
2024-07-31,2,623,1,1
2024-08-01,2,479,0,1
2024-08-02,2,671,1,1
2024-08-03,2,631,0,0
2024-08-04,2,698,0,0
2024-08-05,2,408,0,1
2024-08-06,2,621,1,1
2024-08-07,2,723,1,1
2024-08-08,2,480,0,1
2024-08-09,2,455,0,1
2024-08-10,2,660,0,0
2024-08-11,2,750,0,0
2024-08-12,2,386,0,1
2024-08-13,2,483,0,1
2024-08-14,2,486,0,1
2024-08-15,2,504,0,1
2024-08-16,2,483,0,1
2024-08-17,2,689,0,0
2024-08-18,2,661,0,0
2024-08-19,2,381,0,1
2024-08-20,2,507,0,1
2024-08-21,2,442,0,1
2024-08-22,2,471,0,1
2024-08-23,2,621,1,1
2024-08-24,2,586,0,0
2024-08-25,2,593,0,0
2024-08-26,2,377,0,1
2024-08-27,2,510,0,1
2024-08-28,2,479,0,1
2024-08-29,2,450,0,1
2024-08-30,2,524,0,1
2024-08-31,2,640,0,0
2024-09-01,2,684,1,0
2024-09-02,2,360,0,0
2024-09-03,2,396,0,0
2024-09-04,2,445,0,0
2024-09-05,2,393,0,0
2024-09-06,2,532,1,0
2024-09-07,2,489,0,0
2024-09-08,2,534,0,0
2024-09-09,2,442,1,0
2024-09-10,2,416,0,0
2024-09-11,2,399,0,0
2024-09-12,2,520,1,0
2024-09-13,2,396,0,0
2024-09-14,2,507,0,0
2024-09-15,2,617,0,0
2024-09-16,2,336,0,0
2024-09-17,2,392,0,0
2024-09-18,2,514,1,0
2024-09-19,2,456,0,0
2024-09-20,2,376,0,0
2024-09-21,2,736,1,0
2024-09-22,2,839,1,0
2024-09-23,2,323,0,0
2024-09-24,2,465,1,0
2024-09-25,2,547,1,0
2024-09-26,2,378,0,0
2024-09-27,2,351,0,0
2024-09-28,2,719,1,0
2024-09-29,2,508,0,0
2024-09-30,2,297,0,0
2024-10-01,2,405,0,0
2024-10-02,2,355,0,0
2024-10-03,2,427,0,0
2024-10-04,2,524,1,0
2024-10-05,2,525,0,0
2024-10-06,2,733,1,0
2024-10-07,2,291,0,0
2024-10-08,2,364,0,0
2024-10-09,2,386,0,0
2024-10-10,2,407,0,0
2024-10-11,2,414,0,0
2024-10-12,2,537,0,0
2024-10-13,2,549,0,0
2024-10-14,2,438,1,0
2024-10-15,2,449,0,0
2024-10-16,2,542,1,0
2024-10-17,2,512,1,0
2024-10-18,2,371,0,0
2024-10-19,2,601,0,0
2024-10-20,2,460,0,0
2024-10-21,2,307,0,0
2024-10-22,2,371,0,0
2024-10-23,2,574,1,0
2024-10-24,2,442,0,0
2024-10-25,2,393,0,0
2024-10-26,2,528,0,0
2024-10-27,2,555,0,0
2024-10-28,2,331,0,0
2024-10-29,2,419,0,0
2024-10-30,2,397,0,0
2024-10-31,2,599,1,0
2024-11-01,2,383,0,0
2024-11-02,2,545,0,0
2024-11-03,2,739,1,0
2024-11-04,2,444,1,0
2024-11-05,2,580,1,0
2024-11-06,2,362,0,0
2024-11-07,2,366,0,0
2024-11-08,2,412,0,0
2024-11-09,2,695,1,0
2024-11-10,2,551,0,0
2024-11-11,2,313,0,0
2024-11-12,2,441,0,0
2024-11-13,2,457,0,0
2024-11-14,2,387,0,0
2024-11-15,2,420,0,0
2024-11-16,2,743,1,0
2024-11-17,2,601,0,0
2024-11-18,2,294,0,0
2024-11-19,2,441,0,0
2024-11-20,2,384,0,0
2024-11-21,2,359,0,0
2024-11-22,2,387,0,0
2024-11-23,2,748,1,0
2024-11-24,2,518,0,0
2024-11-25,2,322,0,0
2024-11-26,2,576,1,0
2024-11-27,2,379,0,0
2024-11-28,2,615,1,0
2024-11-29,2,483,0,0
2024-11-30,2,556,0,0
2024-12-01,2,892,0,0
2024-12-02,2,677,1,0
2024-12-03,2,602,0,0
2024-12-04,2,597,0,0
2024-12-05,2,528,0,0
2024-12-06,2,602,0,0
2024-12-07,2,907,0,0
2024-12-08,2,1100,1,0
2024-12-09,2,375,0,0
2024-12-10,2,924,1,0
2024-12-11,2,850,1,0
2024-12-12,2,667,0,0
2024-12-13,2,600,0,0
2024-12-14,2,1170,1,0
2024-12-15,2,895,0,0
2024-12-16,2,643,1,0
2024-12-17,2,665,0,0
2024-12-18,2,585,0,0
2024-12-19,2,707,0,0
2024-12-20,2,557,0,0
2024-12-21,2,891,0,0
2024-12-22,2,813,0,0
2024-12-23,2,454,0,0
2024-12-24,2,570,0,0
2024-12-25,2,657,1,0
2024-12-26,2,564,0,0
2024-12-27,2,655,0,0
2024-12-28,2,911,0,0
2024-12-29,2,1051,1,0
2024-12-30,2,510,0,0
2024-12-31,2,579,0,0
2022-01-01,3,345,0,0
2022-01-02,3,434,0,0
2022-01-03,3,250,0,0
2022-01-04,3,277,0,0
2022-01-05,3,317,0,0
2022-01-06,3,288,0,0
2022-01-07,3,395,1,0
2022-01-08,3,543,1,0
2022-01-09,3,368,0,0
2022-01-10,3,228,0,0
2022-01-11,3,264,0,0
2022-01-12,3,303,0,0
2022-01-13,3,306,0,0
2022-01-14,3,334,1,0
2022-01-15,3,427,0,0
2022-01-16,3,406,0,0
2022-01-17,3,272,1,0
2022-01-18,3,296,0,0
2022-01-19,3,283,0,0
2022-01-20,3,276,0,0
2022-01-21,3,265,0,0
2022-01-22,3,421,0,0
2022-01-23,3,412,0,0
2022-01-24,3,236,0,0
2022-01-25,3,319,0,0
2022-01-26,3,328,0,0
2022-01-27,3,245,0,0
2022-01-28,3,302,0,0
2022-01-29,3,394,0,0
2022-01-30,3,428,0,0
2022-01-31,3,220,0,0
2022-02-01,3,339,0,0
2022-02-02,3,307,0,0
2022-02-03,3,391,1,0
2022-02-04,3,322,0,0
2022-02-05,3,384,0,0
2022-02-06,3,432,0,0
2022-02-07,3,231,0,0
2022-02-08,3,292,0,0
2022-02-09,3,335,0,0
2022-02-10,3,475,1,0
2022-02-11,3,304,0,0
2022-02-12,3,388,0,0
2022-02-13,3,410,0,0
2022-02-14,3,301,1,0
2022-02-15,3,281,0,0
2022-02-16,3,403,1,0
2022-02-17,3,280,0,0
2022-02-18,3,324,0,0
2022-02-19,3,408,0,0
2022-02-20,3,413,0,0
2022-02-21,3,227,0,0
2022-02-22,3,267,0,0
2022-02-23,3,270,0,0
2022-02-24,3,302,0,0
2022-02-25,3,391,1,0
2022-02-26,3,575,1,0
2022-02-27,3,450,0,0
2022-02-28,3,224,0,0
2022-03-01,3,349,0,0
2022-03-02,3,371,1,0
2022-03-03,3,365,1,0
2022-03-04,3,319,0,0
2022-03-05,3,417,0,0
2022-03-06,3,392,0,0
2022-03-07,3,291,1,0
2022-03-08,3,276,0,0
2022-03-09,3,300,0,0
2022-03-10,3,448,1,0
2022-03-11,3,260,0,0
2022-03-12,3,423,0,0
2022-03-13,3,443,0,0
2022-03-14,3,230,0,0
2022-03-15,3,451,1,0
2022-03-16,3,306,0,0
2022-03-17,3,319,0,0
2022-03-18,3,318,0,0
2022-03-19,3,458,0,0
2022-03-20,3,415,0,0
2022-03-21,3,271,0,0
2022-03-22,3,298,0,0
2022-03-23,3,295,0,0
2022-03-24,3,294,0,0
2022-03-25,3,395,1,0
2022-03-26,3,409,0,0
2022-03-27,3,423,0,0
2022-03-28,3,242,0,0
2022-03-29,3,303,0,0
2022-03-30,3,297,0,0
2022-03-31,3,432,1,0
2022-04-01,3,306,0,0
2022-04-02,3,437,0,0
2022-04-03,3,530,1,0
2022-04-04,3,218,0,0
2022-04-05,3,430,1,0
2022-04-06,3,322,0,0
2022-04-07,3,279,0,0
2022-04-08,3,373,1,0
2022-04-09,3,465,0,0
2022-04-10,3,408,0,0
2022-04-11,3,310,1,0
2022-04-12,3,374,1,0
2022-04-13,3,277,0,0
2022-04-14,3,355,0,0
2022-04-15,3,300,0,0
2022-04-16,3,415,0,0
2022-04-17,3,386,0,0
2022-04-18,3,210,0,0
2022-04-19,3,345,0,0
2022-04-20,3,329,0,0
2022-04-21,3,308,0,0
2022-04-22,3,241,0,0
2022-04-23,3,417,0,0
2022-04-24,3,431,0,0
2022-04-25,3,331,1,0
2022-04-26,3,323,1,0
2022-04-27,3,338,0,0
2022-04-28,3,425,1,0
2022-04-29,3,248,0,0
2022-04-30,3,555,1,0
2022-05-01,3,402,0,0
2022-05-02,3,244,0,0
2022-05-03,3,300,0,0
2022-05-04,3,424,1,0
2022-05-05,3,261,0,0
2022-05-06,3,309,0,0
2022-05-07,3,536,1,0
2022-05-08,3,409,0,0
2022-05-09,3,243,0,0
2022-05-10,3,344,0,0
2022-05-11,3,319,0,0
2022-05-12,3,303,0,0
2022-05-13,3,371,1,0
2022-05-14,3,579,1,0
2022-05-15,3,398,0,0
2022-05-16,3,266,0,0
2022-05-17,3,306,0,0
2022-05-18,3,281,0,0
2022-05-19,3,304,0,0
2022-05-20,3,332,0,0
2022-05-21,3,463,0,0
2022-05-22,3,572,1,0
2022-05-23,3,260,0,0
2022-05-24,3,424,1,0
2022-05-25,3,266,0,0
2022-05-26,3,405,1,0
2022-05-27,3,269,0,0
2022-05-28,3,455,0,0
2022-05-29,3,406,0,0
2022-05-30,3,251,0,0
2022-05-31,3,268,0,0
2022-06-01,3,312,0,0
2022-06-02,3,306,0,0
2022-06-03,3,321,0,0
2022-06-04,3,572,1,0
2022-06-05,3,436,0,0
2022-06-06,3,270,0,0
2022-06-07,3,450,1,0
2022-06-08,3,361,0,0
2022-06-09,3,368,0,0
2022-06-10,3,374,0,0
2022-06-11,3,435,0,0
2022-06-12,3,442,0,0
2022-06-13,3,389,1,0
2022-06-14,3,344,0,0
2022-06-15,3,297,0,0
2022-06-16,3,291,0,0
2022-06-17,3,357,1,0
2022-06-18,3,450,0,0
2022-06-19,3,486,0,0
2022-06-20,3,317,1,0
2022-06-21,3,295,0,0
2022-06-22,3,240,0,0
2022-06-23,3,443,1,0
2022-06-24,3,340,0,0
2022-06-25,3,446,0,0
2022-06-26,3,413,0,0
2022-06-27,3,246,0,0
2022-06-28,3,304,0,0
2022-06-29,3,443,1,0
2022-06-30,3,399,1,0
2022-07-01,3,459,1,1
2022-07-02,3,606,1,0
2022-07-03,3,504,0,0
2022-07-04,3,325,0,1
2022-07-05,3,351,0,1
2022-07-06,3,330,0,1
2022-07-07,3,341,0,1
2022-07-08,3,348,0,1
2022-07-09,3,505,0,0
2022-07-10,3,641,1,0
2022-07-11,3,251,0,1
2022-07-12,3,544,1,1
2022-07-13,3,345,0,1
2022-07-14,3,387,0,1
2022-07-15,3,361,0,1
2022-07-16,3,497,0,0
2022-07-17,3,758,1,0
2022-07-18,3,301,0,1
2022-07-19,3,417,0,1
2022-07-20,3,363,0,1
2022-07-21,3,346,0,1
2022-07-22,3,369,0,1
2022-07-23,3,504,0,0
2022-07-24,3,604,0,0
2022-07-25,3,287,0,1
2022-07-26,3,390,0,1
2022-07-27,3,512,1,1
2022-07-28,3,469,1,1
2022-07-29,3,355,0,1
2022-07-30,3,728,1,0
2022-07-31,3,540,0,0
2022-08-01,3,296,0,1
2022-08-02,3,377,0,1
2022-08-03,3,330,0,1
2022-08-04,3,355,0,1
2022-08-05,3,556,1,1
2022-08-06,3,511,0,0
2022-08-07,3,577,0,0
2022-08-08,3,451,1,1
2022-08-09,3,417,0,1
2022-08-10,3,585,1,1
2022-08-11,3,397,0,1
2022-08-12,3,432,0,1
2022-08-13,3,575,0,0
2022-08-14,3,622,1,0
2022-08-15,3,316,0,1
2022-08-16,3,455,0,1
2022-08-17,3,324,0,1
2022-08-18,3,383,0,1
2022-08-19,3,350,0,1
2022-08-20,3,503,0,0
2022-08-21,3,514,0,0
2022-08-22,3,427,1,1
2022-08-23,3,504,1,1
2022-08-24,3,395,0,1
2022-08-25,3,599,1,1
2022-08-26,3,417,0,1
2022-08-27,3,546,0,0
2022-08-28,3,528,0,0
2022-08-29,3,319,0,1
2022-08-30,3,331,0,1
2022-08-31,3,372,0,1
2022-09-01,3,334,0,0
2022-09-02,3,325,0,0
2022-09-03,3,491,0,0
2022-09-04,3,485,0,0
2022-09-05,3,359,1,0
2022-09-06,3,313,0,0
2022-09-07,3,308,0,0
2022-09-08,3,477,1,0
2022-09-09,3,333,0,0
2022-09-10,3,421,0,0
2022-09-11,3,488,0,0
2022-09-12,3,266,0,0
2022-09-13,3,320,0,0
2022-09-14,3,344,0,0
2022-09-15,3,456,1,0
2022-09-16,3,485,1,0
2022-09-17,3,503,0,0
2022-09-18,3,436,0,0
2022-09-19,3,259,0,0
2022-09-20,3,426,1,0
2022-09-21,3,374,0,0
2022-09-22,3,346,0,0
2022-09-23,3,324,0,0
2022-09-24,3,429,0,0
2022-09-25,3,619,1,0
2022-09-26,3,215,0,0
2022-09-27,3,318,0,0
2022-09-28,3,301,0,0
2022-09-29,3,351,0,0
2022-09-30,3,318,0,0
2022-10-01,3,462,0,0
2022-10-02,3,612,1,0
2022-10-03,3,282,0,0
2022-10-04,3,353,0,0
2022-10-05,3,341,0,0
2022-10-06,3,336,0,0
2022-10-07,3,286,0,0
2022-10-08,3,451,0,0
2022-10-09,3,503,0,0
2022-10-10,3,267,0,0
2022-10-11,3,320,0,0
2022-10-12,3,315,0,0
2022-10-13,3,316,0,0
2022-10-14,3,331,0,0
2022-10-15,3,592,1,0
2022-10-16,3,501,0,0
2022-10-17,3,227,0,0
2022-10-18,3,349,0,0
2022-10-19,3,366,0,0
2022-10-20,3,302,0,0
2022-10-21,3,346,0,0
2022-10-22,3,476,0,0
2022-10-23,3,584,1,0
2022-10-24,3,324,1,0
2022-10-25,3,343,0,0
2022-10-26,3,513,1,0
2022-10-27,3,491,1,0
2022-10-28,3,347,0,0
2022-10-29,3,480,0,0
2022-10-30,3,471,0,0
2022-10-31,3,263,0,0
2022-11-01,3,345,0,0
2022-11-02,3,310,0,0
2022-11-03,3,354,0,0
2022-11-04,3,331,0,0
2022-11-05,3,465,0,0
2022-11-06,3,709,1,0
2022-11-07,3,239,0,0
2022-11-08,3,350,0,0
2022-11-09,3,371,0,0
2022-11-10,3,347,0,0
2022-11-11,3,339,0,0
2022-11-12,3,464,0,0
2022-11-13,3,499,0,0
2022-11-14,3,225,0,0
2022-11-15,3,468,1,0
2022-11-16,3,325,0,0
2022-11-17,3,332,0,0
2022-11-18,3,468,1,0
2022-11-19,3,433,0,0
2022-11-20,3,445,0,0
2022-11-21,3,296,0,0
2022-11-22,3,325,0,0
2022-11-23,3,304,0,0
2022-11-24,3,349,0,0
2022-11-25,3,371,0,0
2022-11-26,3,421,0,0
2022-11-27,3,508,0,0
2022-11-28,3,299,0,0
2022-11-29,3,361,0,0
2022-11-30,3,332,0,0
2022-12-01,3,739,1,0
2022-12-02,3,745,1,0
2022-12-03,3,869,1,0
2022-12-04,3,1013,1,0
2022-12-05,3,407,0,0
2022-12-06,3,508,0,0
2022-12-07,3,435,0,0
2022-12-08,3,426,0,0
2022-12-09,3,689,1,0
2022-12-10,3,701,0,0
2022-12-11,3,700,0,0
2022-12-12,3,535,1,0
2022-12-13,3,467,0,0
2022-12-14,3,541,0,0
2022-12-15,3,565,0,0
2022-12-16,3,448,0,0
2022-12-17,3,1011,1,0
2022-12-18,3,640,0,0
2022-12-19,3,397,0,0
2022-12-20,3,708,1,0
2022-12-21,3,647,1,0
2022-12-22,3,473,0,0
2022-12-23,3,686,1,0
2022-12-24,3,1026,1,0
2022-12-25,3,683,0,0
2022-12-26,3,379,0,0
2022-12-27,3,490,0,0
2022-12-28,3,556,0,0
2022-12-29,3,510,0,0
2022-12-30,3,513,0,0
2022-12-31,3,694,0,0
2023-01-01,3,469,0,0
2023-01-02,3,287,0,0
2023-01-03,3,343,0,0
2023-01-04,3,524,1,0
2023-01-05,3,327,0,0
2023-01-06,3,377,0,0
2023-01-07,3,424,0,0
2023-01-08,3,482,0,0
2023-01-09,3,273,0,0
2023-01-10,3,511,1,0
2023-01-11,3,332,0,0
2023-01-12,3,524,1,0
2023-01-13,3,301,0,0
2023-01-14,3,450,0,0
2023-01-15,3,453,0,0
2023-01-16,3,246,0,0
2023-01-17,3,462,1,0
2023-01-18,3,452,1,0
2023-01-19,3,500,1,0
2023-01-20,3,310,0,0
2023-01-21,3,567,0,0
2023-01-22,3,543,0,0
2023-01-23,3,261,0,0
2023-01-24,3,361,0,0
2023-01-25,3,327,0,0
2023-01-26,3,361,0,0
2023-01-27,3,414,1,0
2023-01-28,3,504,0,0
2023-01-29,3,466,0,0
2023-01-30,3,243,0,0
2023-01-31,3,342,0,0
2023-02-01,3,344,0,0
2023-02-02,3,349,0,0
2023-02-03,3,392,0,0
2023-02-04,3,467,0,0
2023-02-05,3,476,0,0
2023-02-06,3,245,0,0
2023-02-07,3,479,1,0
2023-02-08,3,341,0,0
2023-02-09,3,315,0,0
2023-02-10,3,348,0,0
2023-02-11,3,448,0,0
2023-02-12,3,763,1,0
2023-02-13,3,269,0,0
2023-02-14,3,423,1,0
2023-02-15,3,361,0,0
2023-02-16,3,273,0,0
2023-02-17,3,421,1,0
2023-02-18,3,522,0,0
2023-02-19,3,436,0,0
2023-02-20,3,293,0,0
2023-02-21,3,507,1,0
2023-02-22,3,527,1,0
2023-02-23,3,314,0,0
2023-02-24,3,439,1,0
2023-02-25,3,521,0,0
2023-02-26,3,530,0,0
2023-02-27,3,263,0,0
2023-02-28,3,303,0,0
2023-03-01,3,312,0,0
2023-03-02,3,313,0,0
2023-03-03,3,340,0,0
2023-03-04,3,498,0,0
2023-03-05,3,633,1,0
2023-03-06,3,281,0,0
2023-03-07,3,384,0,0
2023-03-08,3,447,1,0
2023-03-09,3,345,0,0
2023-03-10,3,493,1,0
2023-03-11,3,508,0,0
2023-03-12,3,510,0,0
2023-03-13,3,363,1,0
2023-03-14,3,501,1,0
2023-03-15,3,353,0,0
2023-03-16,3,317,0,0
2023-03-17,3,351,0,0
2023-03-18,3,647,1,0
2023-03-19,3,410,0,0
2023-03-20,3,327,0,0
2023-03-21,3,351,0,0
2023-03-22,3,549,1,0
2023-03-23,3,362,0,0
2023-03-24,3,324,0,0
2023-03-25,3,606,1,0
2023-03-26,3,683,1,0
2023-03-27,3,285,0,0
2023-03-28,3,333,0,0
2023-03-29,3,357,1,0
2023-03-30,3,480,1,0
2023-03-31,3,408,0,0
2023-04-01,3,573,0,0
2023-04-02,3,516,0,0
2023-04-03,3,273,0,0
2023-04-04,3,359,0,0
2023-04-05,3,329,0,0
2023-04-06,3,501,1,0
2023-04-07,3,317,0,0
2023-04-08,3,504,0,0
2023-04-09,3,535,0,0
2023-04-10,3,294,0,0
2023-04-11,3,445,1,0
2023-04-12,3,392,0,0
2023-04-13,3,478,1,0
2023-04-14,3,355,0,0
2023-04-15,3,521,0,0
2023-04-16,3,494,1,0
2023-04-17,3,265,0,0
2023-04-18,3,465,1,0
2023-04-19,3,387,0,0
2023-04-20,3,312,0,0
2023-04-21,3,495,1,0
2023-04-22,3,468,0,0
2023-04-23,3,485,0,0
2023-04-24,3,356,1,0
2023-04-25,3,340,0,0
2023-04-26,3,354,0,0
2023-04-27,3,352,0,0
2023-04-28,3,334,0,0
2023-04-29,3,563,1,0
2023-04-30,3,464,0,0
2023-05-01,3,266,0,0
2023-05-02,3,506,1,0
2023-05-03,3,330,0,0
2023-05-04,3,337,0,0
2023-05-05,3,389,0,0
2023-05-06,3,485,0,0
2023-05-07,3,697,1,0
2023-05-08,3,264,0,0
2023-05-09,3,527,1,0
2023-05-10,3,356,0,0
2023-05-11,3,319,0,0
2023-05-12,3,377,0,0
2023-05-13,3,493,0,0
2023-05-14,3,541,0,0
2023-05-15,3,426,1,0
2023-05-16,3,347,0,0
2023-05-17,3,362,0,0
2023-05-18,3,360,0,0
2023-05-19,3,401,0,0
2023-05-20,3,469,0,0
2023-05-21,3,600,1,0
2023-05-22,3,282,0,0
2023-05-23,3,451,1,0
2023-05-24,3,355,0,0
2023-05-25,3,400,0,0
2023-05-26,3,368,0,0
2023-05-27,3,519,0,0
2023-05-28,3,598,0,0
2023-05-29,3,381,1,0
2023-05-30,3,342,0,0
2023-05-31,3,362,0,0
2023-06-01,3,341,0,0
2023-06-02,3,503,1,0
2023-06-03,3,463,0,0
2023-06-04,3,472,0,0
2023-06-05,3,229,0,0
2023-06-06,3,475,1,0
2023-06-07,3,346,0,0
2023-06-08,3,494,1,0
2023-06-09,3,436,0,0
2023-06-10,3,552,0,0
2023-06-11,3,542,0,0
2023-06-12,3,250,0,0
2023-06-13,3,379,0,0
2023-06-14,3,380,0,0
2023-06-15,3,375,0,0
2023-06-16,3,339,0,0
2023-06-17,3,695,1,0
2023-06-18,3,524,0,0
2023-06-19,3,280,0,0
2023-06-20,3,377,0,0
2023-06-21,3,385,0,0
2023-06-22,3,358,0,0
2023-06-23,3,334,0,0
2023-06-24,3,440,0,0
2023-06-25,3,499,0,0
2023-06-26,3,268,0,0
2023-06-27,3,474,1,0
2023-06-28,3,375,0,0
2023-06-29,3,375,0,0
2023-06-30,3,351,0,0
2023-07-01,3,573,0,0
2023-07-02,3,599,0,0
2023-07-03,3,387,0,1
2023-07-04,3,503,1,1
2023-07-05,3,423,0,1
2023-07-06,3,538,1,1
2023-07-07,3,469,0,1
2023-07-08,3,853,1,0
2023-07-09,3,836,1,0
2023-07-10,3,326,0,1
2023-07-11,3,539,1,1
2023-07-12,3,610,1,1
2023-07-13,3,437,0,1
2023-07-14,3,409,0,1
2023-07-15,3,613,0,0
2023-07-16,3,604,0,0
2023-07-17,3,379,0,1
2023-07-18,3,457,0,1
2023-07-19,3,434,0,1
2023-07-20,3,604,1,1
2023-07-21,3,613,1,1
2023-07-22,3,617,0,0
2023-07-23,3,549,0,0
2023-07-24,3,525,1,1
2023-07-25,3,519,0,1
2023-07-26,3,484,0,1
2023-07-27,3,478,0,1
2023-07-28,3,427,0,1
2023-07-29,3,938,1,0
2023-07-30,3,637,0,0
2023-07-31,3,384,0,1
2023-08-01,3,449,0,1
2023-08-02,3,543,1,1
2023-08-03,3,437,0,1
2023-08-04,3,636,1,1
2023-08-05,3,811,1,0
2023-08-06,3,632,0,0
2023-08-07,3,343,0,1
2023-08-08,3,564,1,1
2023-08-09,3,463,1,1
2023-08-10,3,370,0,1
2023-08-11,3,410,0,1
2023-08-12,3,597,0,0
2023-08-13,3,679,0,0
2023-08-14,3,329,0,1
2023-08-15,3,554,1,1
2023-08-16,3,511,0,1
2023-08-17,3,480,0,1
2023-08-18,3,553,0,1
2023-08-19,3,655,0,0
2023-08-20,3,580,0,0
2023-08-21,3,288,0,1
2023-08-22,3,457,0,1
2023-08-23,3,510,0,1
2023-08-24,3,421,0,1
2023-08-25,3,465,0,1
2023-08-26,3,576,0,0
2023-08-27,3,584,0,0
2023-08-28,3,348,0,1
2023-08-29,3,491,0,1
2023-08-30,3,449,0,1
2023-08-31,3,457,0,1
2023-09-01,3,356,0,0
2023-09-02,3,523,0,0
2023-09-03,3,708,1,0
2023-09-04,3,310,0,0
2023-09-05,3,485,1,0
2023-09-06,3,379,0,0
2023-09-07,3,300,0,0
2023-09-08,3,324,0,0
2023-09-09,3,524,0,0
2023-09-10,3,636,1,0
2023-09-11,3,311,0,0
2023-09-12,3,498,1,0
2023-09-13,3,381,0,0
2023-09-14,3,402,0,0
2023-09-15,3,367,0,0
2023-09-16,3,457,0,0
2023-09-17,3,488,0,0
2023-09-18,3,323,0,0
2023-09-19,3,421,0,0
2023-09-20,3,360,0,0
2023-09-21,3,507,1,0
2023-09-22,3,321,0,0
2023-09-23,3,544,0,0
2023-09-24,3,758,1,0
2023-09-25,3,293,0,0
2023-09-26,3,399,0,0
2023-09-27,3,405,0,0
2023-09-28,3,365,0,0
2023-09-29,3,319,0,0
2023-09-30,3,641,1,0
2023-10-01,3,730,1,0
2023-10-02,3,302,0,0
2023-10-03,3,364,0,0
2023-10-04,3,328,0,0
2023-10-05,3,478,1,0
2023-10-06,3,404,0,0
2023-10-07,3,594,0,0
2023-10-08,3,533,0,0
2023-10-09,3,260,0,0
2023-10-10,3,385,0,0
2023-10-11,3,381,0,0
2023-10-12,3,366,0,0
2023-10-13,3,481,1,0
2023-10-14,3,529,0,0
2023-10-15,3,752,1,0
2023-10-16,3,296,0,0
2023-10-17,3,364,0,0
2023-10-18,3,376,0,0
2023-10-19,3,389,0,0
2023-10-20,3,383,0,0
2023-10-21,3,721,1,0
2023-10-22,3,503,0,0
2023-10-23,3,434,1,0
2023-10-24,3,562,1,0
2023-10-25,3,381,0,0
2023-10-26,3,405,0,0
2023-10-27,3,388,0,0
2023-10-28,3,491,0,0
2023-10-29,3,561,0,0
2023-10-30,3,304,0,0
2023-10-31,3,404,0,0
2023-11-01,3,428,0,0
2023-11-02,3,371,0,0
2023-11-03,3,353,0,0
2023-11-04,3,507,0,0
2023-11-05,3,561,0,0
2023-11-06,3,320,0,0
2023-11-07,3,543,1,0
2023-11-08,3,502,1,0
2023-11-09,3,522,1,0
2023-11-10,3,518,1,0
2023-11-11,3,597,0,0
2023-11-12,3,698,1,0
2023-11-13,3,292,0,0
2023-11-14,3,500,1,0
2023-11-15,3,561,1,0
2023-11-16,3,408,0,0
2023-11-17,3,469,1,0
2023-11-18,3,485,0,0
2023-11-19,3,750,1,0
2023-11-20,3,413,1,0
2023-11-21,3,330,0,0
2023-11-22,3,348,0,0
2023-11-23,3,384,0,0
2023-11-24,3,463,0,0
2023-11-25,3,566,0,0
2023-11-26,3,676,1,0
2023-11-27,3,342,0,0
2023-11-28,3,478,1,0
2023-11-29,3,368,0,0
2023-11-30,3,427,0,0
2023-12-01,3,532,0,0
2023-12-02,3,911,0,0
2023-12-03,3,681,0,0
2023-12-04,3,480,0,0
2023-12-05,3,589,0,0
2023-12-06,3,625,0,0
2023-12-07,3,794,1,0
2023-12-08,3,591,0,0
2023-12-09,3,771,0,0
2023-12-10,3,797,0,0
2023-12-11,3,518,0,0
2023-12-12,3,601,0,0
2023-12-13,3,609,0,0
2023-12-14,3,593,0,0
2023-12-15,3,574,0,0
2023-12-16,3,703,0,0
2023-12-17,3,1208,1,0
2023-12-18,3,492,0,0
2023-12-19,3,585,0,0
2023-12-20,3,737,1,0
2023-12-21,3,620,0,0
2023-12-22,3,543,0,0
2023-12-23,3,858,0,0
2023-12-24,3,779,0,0
2023-12-25,3,479,0,0
2023-12-26,3,645,0,0
2023-12-27,3,591,0,0
2023-12-28,3,822,1,0
2023-12-29,3,670,0,0
2023-12-30,3,844,0,0
2023-12-31,3,761,0,0
2024-01-01,3,328,0,0
2024-01-02,3,381,0,0
2024-01-03,3,439,0,0
2024-01-04,3,513,1,0
2024-01-05,3,381,0,0
2024-01-06,3,569,0,0
2024-01-07,3,756,1,0
2024-01-08,3,444,1,0
2024-01-09,3,378,0,0
2024-01-10,3,416,0,0
2024-01-11,3,343,0,0
2024-01-12,3,375,0,0
2024-01-13,3,575,0,0
2024-01-14,3,472,0,0
2024-01-15,3,325,0,0
2024-01-16,3,541,1,0
2024-01-17,3,371,0,0
2024-01-18,3,406,0,0
2024-01-19,3,373,0,0
2024-01-20,3,581,0,0
2024-01-21,3,565,0,0
2024-01-22,3,338,0,0
2024-01-23,3,459,0,0
2024-01-24,3,404,0,0
2024-01-25,3,578,1,0
2024-01-26,3,359,0,0
2024-01-27,3,577,0,0
2024-01-28,3,459,0,0
2024-01-29,3,448,1,0
2024-01-30,3,485,1,0
2024-01-31,3,420,0,0
2024-02-01,3,432,0,0
2024-02-02,3,557,1,0
2024-02-03,3,476,0,0
2024-02-04,3,535,0,0
2024-02-05,3,362,1,0
2024-02-06,3,619,1,0
2024-02-07,3,557,1,0
2024-02-08,3,419,0,0
2024-02-09,3,491,1,0
2024-02-10,3,698,1,0
2024-02-11,3,546,0,0
2024-02-12,3,341,0,0
2024-02-13,3,372,0,0
2024-02-14,3,616,1,0
2024-02-15,3,350,0,0
2024-02-16,3,390,0,0
2024-02-17,3,615,0,0
2024-02-18,3,690,1,0
2024-02-19,3,305,0,0
2024-02-20,3,543,1,0
2024-02-21,3,494,1,0
2024-02-22,3,345,0,0
2024-02-23,3,375,0,0
2024-02-24,3,610,0,0
2024-02-25,3,548,0,0
2024-02-26,3,394,1,0
2024-02-27,3,366,0,0
2024-02-28,3,426,0,0
2024-02-29,3,508,1,0
2024-03-01,3,556,1,0
2024-03-02,3,544,0,0
2024-03-03,3,572,0,0
2024-03-04,3,342,0,0
2024-03-05,3,430,0,0
2024-03-06,3,370,0,0
2024-03-07,3,531,1,0
2024-03-08,3,383,0,0
2024-03-09,3,609,0,0
2024-03-10,3,699,1,0
2024-03-11,3,445,1,0
2024-03-12,3,411,0,0
2024-03-13,3,504,1,0
2024-03-14,3,348,0,0
2024-03-15,3,380,0,0
2024-03-16,3,547,0,0
2024-03-17,3,549,0,0
2024-03-18,3,312,0,0
2024-03-19,3,421,0,0
2024-03-20,3,426,0,0
2024-03-21,3,435,0,0
2024-03-22,3,378,0,0
2024-03-23,3,556,0,0
2024-03-24,3,626,0,0
2024-03-25,3,317,0,0
2024-03-26,3,461,0,0
2024-03-27,3,519,1,0
2024-03-28,3,419,0,0
2024-03-29,3,424,0,0
2024-03-30,3,556,0,0
2024-03-31,3,545,0,0
2024-04-01,3,295,0,0
2024-04-02,3,391,0,0
2024-04-03,3,360,0,0
2024-04-04,3,438,0,0
2024-04-05,3,355,0,0
2024-04-06,3,723,1,0
2024-04-07,3,774,1,0
2024-04-08,3,437,1,0
2024-04-09,3,377,0,0
2024-04-10,3,413,0,0
2024-04-11,3,490,1,0
2024-04-12,3,410,0,0
2024-04-13,3,533,0,0
2024-04-14,3,682,1,0
2024-04-15,3,316,0,0
2024-04-16,3,584,1,0
2024-04-17,3,379,0,0
2024-04-18,3,426,0,0
2024-04-19,3,544,1,0
2024-04-20,3,522,0,0
2024-04-21,3,549,0,0
2024-04-22,3,319,0,0
2024-04-23,3,442,1,0
2024-04-24,3,483,1,0
2024-04-25,3,392,0,0
2024-04-26,3,363,0,0
2024-04-27,3,604,0,0
2024-04-28,3,587,0,0
2024-04-29,3,334,0,0
2024-04-30,3,383,0,0
2024-05-01,3,375,0,0
2024-05-02,3,413,0,0
2024-05-03,3,431,0,0
2024-05-04,3,892,1,0
2024-05-05,3,621,0,0
2024-05-06,3,360,0,0
2024-05-07,3,440,0,0
2024-05-08,3,402,0,0
2024-05-09,3,379,0,0
2024-05-10,3,463,1,0
2024-05-11,3,754,1,0
2024-05-12,3,615,0,0
2024-05-13,3,420,1,0
2024-05-14,3,411,0,0
2024-05-15,3,525,1,0
2024-05-16,3,422,0,0
2024-05-17,3,399,0,0
2024-05-18,3,610,1,0
2024-05-19,3,513,0,0
2024-05-20,3,463,1,0
2024-05-21,3,339,0,0
2024-05-22,3,410,0,0
2024-05-23,3,429,0,0
2024-05-24,3,492,1,0
2024-05-25,3,618,0,0
2024-05-26,3,862,1,0
2024-05-27,3,296,0,0
2024-05-28,3,389,0,0
2024-05-29,3,415,0,0
2024-05-30,3,462,0,0
2024-05-31,3,536,1,0
2024-06-01,3,822,1,0
2024-06-02,3,780,1,0
2024-06-03,3,421,1,0
2024-06-04,3,353,0,0
2024-06-05,3,385,0,0
2024-06-06,3,385,0,0
2024-06-07,3,635,1,0
2024-06-08,3,831,1,0
2024-06-09,3,557,0,0
2024-06-10,3,332,0,0
2024-06-11,3,525,1,0
2024-06-12,3,452,0,0
2024-06-13,3,390,0,0
2024-06-14,3,522,1,0
2024-06-15,3,578,0,0
2024-06-16,3,693,1,0
2024-06-17,3,324,0,0
2024-06-18,3,391,0,0
2024-06-19,3,428,0,0
2024-06-20,3,456,0,0
2024-06-21,3,412,0,0
2024-06-22,3,584,0,0
2024-06-23,3,609,0,0
2024-06-24,3,288,0,0
2024-06-25,3,397,0,0
2024-06-26,3,438,0,0
2024-06-27,3,451,0,0
2024-06-28,3,436,0,0
2024-06-29,3,647,0,0
2024-06-30,3,546,0,0
2024-07-01,3,431,0,1
2024-07-02,3,496,0,1
2024-07-03,3,573,1,1
2024-07-04,3,373,0,1
2024-07-05,3,694,1,1
2024-07-06,3,923,1,0
2024-07-07,3,1095,1,0
2024-07-08,3,548,1,1
2024-07-09,3,482,0,1
2024-07-10,3,503,0,1
2024-07-11,3,480,0,1
2024-07-12,3,454,0,1
2024-07-13,3,700,0,0
2024-07-14,3,655,0,0
2024-07-15,3,427,0,1
2024-07-16,3,581,0,1
2024-07-17,3,485,0,1
2024-07-18,3,561,0,1
2024-07-19,3,439,0,1
2024-07-20,3,754,0,0
2024-07-21,3,714,0,0
2024-07-22,3,417,0,1
2024-07-23,3,548,0,1
2024-07-24,3,514,0,1
2024-07-25,3,443,0,1
2024-07-26,3,529,0,1
2024-07-27,3,730,0,0
2024-07-28,3,684,0,0
2024-07-29,3,396,0,1
2024-07-30,3,533,0,1
2024-07-31,3,510,0,1
2024-08-01,3,486,0,1
2024-08-02,3,684,1,1
2024-08-03,3,871,1,0
2024-08-04,3,661,0,0
2024-08-05,3,401,0,1
2024-08-06,3,500,0,1
2024-08-07,3,511,0,1
2024-08-08,3,502,0,1
2024-08-09,3,453,0,1
2024-08-10,3,1067,1,0
2024-08-11,3,769,0,0
2024-08-12,3,560,1,1
2024-08-13,3,485,0,1
2024-08-14,3,733,1,1
2024-08-15,3,538,0,1
2024-08-16,3,559,0,1
2024-08-17,3,740,0,0
2024-08-18,3,931,1,0
2024-08-19,3,570,1,1
2024-08-20,3,427,0,1
2024-08-21,3,490,0,1
2024-08-22,3,578,0,1
2024-08-23,3,457,0,1
2024-08-24,3,614,0,0
2024-08-25,3,692,0,0
2024-08-26,3,396,0,1
2024-08-27,3,542,0,1
2024-08-28,3,517,0,1
2024-08-29,3,684,1,1
2024-08-30,3,443,0,1
2024-08-31,3,711,0,0
2024-09-01,3,753,1,0
2024-09-02,3,483,1,0
2024-09-03,3,425,0,0
2024-09-04,3,342,0,0
2024-09-05,3,467,0,0
2024-09-06,3,304,0,0
2024-09-07,3,732,1,0
2024-09-08,3,809,1,0
2024-09-09,3,453,1,0
2024-09-10,3,441,0,0
2024-09-11,3,405,0,0
2024-09-12,3,399,0,0
2024-09-13,3,417,0,0
2024-09-14,3,663,0,0
2024-09-15,3,539,0,0
2024-09-16,3,341,0,0
2024-09-17,3,435,0,0
2024-09-18,3,581,1,0
2024-09-19,3,549,1,0
2024-09-20,3,413,0,0
2024-09-21,3,794,1,0
2024-09-22,3,595,0,0
2024-09-23,3,286,0,0
2024-09-24,3,445,0,0
2024-09-25,3,439,0,0
2024-09-26,3,455,0,0
2024-09-27,3,493,1,0
2024-09-28,3,610,0,0
2024-09-29,3,591,0,0
2024-09-30,3,466,1,0
2024-10-01,3,567,1,0
2024-10-02,3,595,1,0
2024-10-03,3,406,0,0
2024-10-04,3,430,0,0
2024-10-05,3,521,0,0
2024-10-06,3,581,0,0
2024-10-07,3,333,0,0
2024-10-08,3,346,0,0
2024-10-09,3,432,0,0
2024-10-10,3,440,0,0
2024-10-11,3,415,0,0
2024-10-12,3,635,0,0
2024-10-13,3,895,1,0
2024-10-14,3,397,0,0
2024-10-15,3,386,0,0
2024-10-16,3,447,0,0
2024-10-17,3,433,0,0
2024-10-18,3,577,1,0
2024-10-19,3,542,0,0
2024-10-20,3,811,1,0
2024-10-21,3,281,0,0
2024-10-22,3,423,0,0
2024-10-23,3,373,0,0
2024-10-24,3,557,1,0
2024-10-25,3,464,0,0
2024-10-26,3,570,0,0
2024-10-27,3,690,1,0
2024-10-28,3,352,0,0
2024-10-29,3,406,0,0
2024-10-30,3,674,1,0
2024-10-31,3,377,0,0
2024-11-01,3,529,0,0
2024-11-02,3,576,0,0
2024-11-03,3,575,0,0
2024-11-04,3,306,0,0
2024-11-05,3,600,1,0
2024-11-06,3,481,1,0
2024-11-07,3,442,0,0
2024-11-08,3,462,0,0
2024-11-09,3,544,0,0
2024-11-10,3,923,1,0
2024-11-11,3,322,0,0
2024-11-12,3,421,0,0
2024-11-13,3,374,0,0
2024-11-14,3,427,0,0
2024-11-15,3,449,0,0
2024-11-16,3,546,0,0
2024-11-17,3,831,1,0
2024-11-18,3,483,1,0
2024-11-19,3,458,0,0
2024-11-20,3,432,0,0
2024-11-21,3,475,0,0
2024-11-22,3,389,0,0
2024-11-23,3,843,1,0
2024-11-24,3,570,0,0
2024-11-25,3,355,0,0
2024-11-26,3,437,0,0
2024-11-27,3,406,0,0
2024-11-28,3,430,0,0
2024-11-29,3,406,0,0
2024-11-30,3,944,1,0
2024-12-01,3,959,0,0
2024-12-02,3,601,0,0
2024-12-03,3,604,0,0
2024-12-04,3,758,1,0
2024-12-05,3,669,0,0
2024-12-06,3,671,0,0
2024-12-07,3,965,0,0
2024-12-08,3,966,0,0
2024-12-09,3,598,0,0
2024-12-10,3,690,0,0
2024-12-11,3,807,1,0
2024-12-12,3,579,0,0
2024-12-13,3,754,0,0
2024-12-14,3,914,0,0
2024-12-15,3,1015,0,0
2024-12-16,3,488,0,0
2024-12-17,3,690,0,0
2024-12-18,3,609,0,0
2024-12-19,3,528,0,0
2024-12-20,3,714,0,0
2024-12-21,3,828,0,0
2024-12-22,3,820,0,0
2024-12-23,3,519,0,0
2024-12-24,3,650,0,0
2024-12-25,3,670,0,0
2024-12-26,3,676,0,0
2024-12-27,3,611,0,0
2024-12-28,3,822,0,0
2024-12-29,3,1014,0,0
2024-12-30,3,560,0,0
2024-12-31,3,593,0,0
2022-01-01,4,388,0,0
2022-01-02,4,432,0,0
2022-01-03,4,307,1,0
2022-01-04,4,308,0,0
2022-01-05,4,338,0,0
2022-01-06,4,314,0,0
2022-01-07,4,349,0,0
2022-01-08,4,435,0,0
2022-01-09,4,486,0,0
2022-01-10,4,246,0,0
2022-01-11,4,347,1,0
2022-01-12,4,329,0,0
2022-01-13,4,270,0,0
2022-01-14,4,304,0,0
2022-01-15,4,358,0,0
2022-01-16,4,447,0,0
2022-01-17,4,259,0,0
2022-01-18,4,451,1,0
2022-01-19,4,279,0,0
2022-01-20,4,295,0,0
2022-01-21,4,421,1,0
2022-01-22,4,469,0,0
2022-01-23,4,458,0,0
2022-01-24,4,319,1,0
2022-01-25,4,349,0,0
2022-01-26,4,380,1,0
2022-01-27,4,445,1,0
2022-01-28,4,405,1,0
2022-01-29,4,480,0,0
2022-01-30,4,428,0,0
2022-01-31,4,319,0,0
2022-02-01,4,331,0,0
2022-02-02,4,359,0,0
2022-02-03,4,371,0,0
2022-02-04,4,315,0,0
2022-02-05,4,447,0,0
2022-02-06,4,500,0,0
2022-02-07,4,260,0,0
2022-02-08,4,400,1,0
2022-02-09,4,280,0,0
2022-02-10,4,328,0,0
2022-02-11,4,416,1,0
2022-02-12,4,481,0,0
2022-02-13,4,436,0,0
2022-02-14,4,400,1,0
2022-02-15,4,300,0,0
2022-02-16,4,291,0,0
2022-02-17,4,320,0,0
2022-02-18,4,342,0,0
2022-02-19,4,486,0,0
2022-02-20,4,457,0,0
2022-02-21,4,404,1,0
2022-02-22,4,437,1,0
2022-02-23,4,317,0,0
2022-02-24,4,335,0,0
2022-02-25,4,296,0,0
2022-02-26,4,669,1,0
2022-02-27,4,503,0,0
2022-02-28,4,264,0,0
2022-03-01,4,300,0,0
2022-03-02,4,332,0,0
2022-03-03,4,374,0,0
2022-03-04,4,341,0,0
2022-03-05,4,658,1,0
2022-03-06,4,494,0,0
2022-03-07,4,237,0,0
2022-03-08,4,321,0,0
2022-03-09,4,346,0,0
2022-03-10,4,289,0,0
2022-03-11,4,359,0,0
2022-03-12,4,408,0,0
2022-03-13,4,440,0,0
2022-03-14,4,287,0,0
2022-03-15,4,325,0,0
2022-03-16,4,333,0,0
2022-03-17,4,381,0,0
2022-03-18,4,478,1,0
2022-03-19,4,618,1,0
2022-03-20,4,402,0,0
2022-03-21,4,384,1,0
2022-03-22,4,328,0,0
2022-03-23,4,323,0,0
2022-03-24,4,330,0,0
2022-03-25,4,320,0,0
2022-03-26,4,437,0,0
2022-03-27,4,445,0,0
2022-03-28,4,252,0,0
2022-03-29,4,304,0,0
2022-03-30,4,347,0,0
2022-03-31,4,474,1,0
2022-04-01,4,324,0,0
2022-04-02,4,541,0,0
2022-04-03,4,513,0,0
2022-04-04,4,278,0,0
2022-04-05,4,355,0,0
2022-04-06,4,297,0,0
2022-04-07,4,492,1,0
2022-04-08,4,314,0,0
2022-04-09,4,719,1,0
2022-04-10,4,571,0,0
2022-04-11,4,316,0,0
2022-04-12,4,349,0,0
2022-04-13,4,354,0,0
2022-04-14,4,356,0,0
2022-04-15,4,325,0,0
2022-04-16,4,488,0,0
2022-04-17,4,590,1,0
2022-04-18,4,304,0,0
2022-04-19,4,354,0,0
2022-04-20,4,369,0,0
2022-04-21,4,336,0,0
2022-04-22,4,435,1,0
2022-04-23,4,420,0,0
2022-04-24,4,444,0,0
2022-04-25,4,265,0,0
2022-04-26,4,481,1,0
2022-04-27,4,346,0,0
2022-04-28,4,342,0,0
2022-04-29,4,355,0,0
2022-04-30,4,466,0,0
2022-05-01,4,497,0,0
2022-05-02,4,274,0,0
2022-05-03,4,341,0,0
2022-05-04,4,317,0,0
2022-05-05,4,327,0,0
2022-05-06,4,286,0,0
2022-05-07,4,439,0,0
2022-05-08,4,512,0,0
2022-05-09,4,253,0,0
2022-05-10,4,348,0,0
2022-05-11,4,314,0,0
2022-05-12,4,488,1,0
2022-05-13,4,473,1,0
2022-05-14,4,426,0,0
2022-05-15,4,509,0,0
2022-05-16,4,298,0,0
2022-05-17,4,316,0,0
2022-05-18,4,331,0,0
2022-05-19,4,311,0,0
2022-05-20,4,361,0,0
2022-05-21,4,475,0,0
2022-05-22,4,475,0,0
2022-05-23,4,225,0,0
2022-05-24,4,453,1,0
2022-05-25,4,375,0,0
2022-05-26,4,399,0,0
2022-05-27,4,375,0,0
2022-05-28,4,509,0,0
2022-05-29,4,617,1,0
2022-05-30,4,258,0,0
2022-05-31,4,321,0,0
2022-06-01,4,331,0,0
2022-06-02,4,328,0,0
2022-06-03,4,358,0,0
2022-06-04,4,420,0,0
2022-06-05,4,463,0,0
2022-06-06,4,230,0,0
2022-06-07,4,365,0,0
2022-06-08,4,331,0,0
2022-06-09,4,524,1,0
2022-06-10,4,487,1,0
2022-06-11,4,405,0,0
2022-06-12,4,427,0,0
2022-06-13,4,358,1,0
2022-06-14,4,403,0,0
2022-06-15,4,316,0,0
2022-06-16,4,348,0,0
2022-06-17,4,371,0,0
2022-06-18,4,530,0,0
2022-06-19,4,474,0,0
2022-06-20,4,339,1,0
2022-06-21,4,342,0,0
2022-06-22,4,370,0,0
2022-06-23,4,362,0,0
2022-06-24,4,294,0,0
2022-06-25,4,420,0,0
2022-06-26,4,424,0,0
2022-06-27,4,402,1,0
2022-06-28,4,309,0,0
2022-06-29,4,306,0,0
2022-06-30,4,468,1,0
2022-07-01,4,445,0,1
2022-07-02,4,652,0,0
2022-07-03,4,523,0,0
2022-07-04,4,388,0,1
2022-07-05,4,476,1,1
2022-07-06,4,397,0,1
2022-07-07,4,433,0,1
2022-07-08,4,378,0,1
2022-07-09,4,566,0,0
2022-07-10,4,755,1,0
2022-07-11,4,345,1,1
2022-07-12,4,359,0,1
2022-07-13,4,558,1,1
2022-07-14,4,391,0,1
2022-07-15,4,522,1,1
2022-07-16,4,561,0,0
2022-07-17,4,642,0,0
2022-07-18,4,486,1,1
2022-07-19,4,337,0,1
2022-07-20,4,443,0,1
2022-07-21,4,379,0,1
2022-07-22,4,476,0,1
2022-07-23,4,534,0,0
2022-07-24,4,615,0,0
2022-07-25,4,435,1,1
2022-07-26,4,581,1,1
2022-07-27,4,546,1,1
2022-07-28,4,377,0,1
2022-07-29,4,390,0,1
2022-07-30,4,501,0,0
2022-07-31,4,637,0,0
2022-08-01,4,355,0,1
2022-08-02,4,427,0,1
2022-08-03,4,430,0,1
2022-08-04,4,386,0,1
2022-08-05,4,573,1,1
2022-08-06,4,557,0,0
2022-08-07,4,922,1,0
2022-08-08,4,466,1,1
2022-08-09,4,394,0,1
2022-08-10,4,407,0,1
2022-08-11,4,417,0,1
2022-08-12,4,547,1,1
2022-08-13,4,729,1,0
2022-08-14,4,822,1,0
2022-08-15,4,358,0,1
2022-08-16,4,451,0,1
2022-08-17,4,443,0,1
2022-08-18,4,387,0,1
2022-08-19,4,444,0,1
2022-08-20,4,622,0,0
2022-08-21,4,826,1,0
2022-08-22,4,364,0,1
2022-08-23,4,398,0,1
2022-08-24,4,410,0,1
2022-08-25,4,452,0,1
2022-08-26,4,419,0,1
2022-08-27,4,563,0,0
2022-08-28,4,818,1,0
2022-08-29,4,374,0,1
2022-08-30,4,400,0,1
2022-08-31,4,494,0,1
2022-09-01,4,331,0,0
2022-09-02,4,349,0,0
2022-09-03,4,556,0,0
2022-09-04,4,494,0,0
2022-09-05,4,411,1,0
2022-09-06,4,423,1,0
2022-09-07,4,340,0,0
2022-09-08,4,483,1,0
2022-09-09,4,419,1,0
2022-09-10,4,445,0,0
2022-09-11,4,525,0,0
2022-09-12,4,374,1,0
2022-09-13,4,460,1,0
2022-09-14,4,342,0,0
2022-09-15,4,406,0,0
2022-09-16,4,383,0,0
2022-09-17,4,522,0,0
2022-09-18,4,493,0,0
2022-09-19,4,248,0,0
2022-09-20,4,355,0,0
2022-09-21,4,346,0,0
2022-09-22,4,306,0,0
2022-09-23,4,410,0,0
2022-09-24,4,535,0,0
2022-09-25,4,519,0,0
2022-09-26,4,244,0,0
2022-09-27,4,390,0,0
2022-09-28,4,346,0,0
2022-09-29,4,343,0,0
2022-09-30,4,368,0,0
2022-10-01,4,506,0,0
2022-10-02,4,584,0,0
2022-10-03,4,343,1,0
2022-10-04,4,350,0,0
2022-10-05,4,319,0,0
2022-10-06,4,434,1,0
2022-10-07,4,370,0,0
2022-10-08,4,501,0,0
2022-10-09,4,564,0,0
2022-10-10,4,357,1,0
2022-10-11,4,408,0,0
2022-10-12,4,339,0,0
2022-10-13,4,343,0,0
2022-10-14,4,333,0,0
2022-10-15,4,514,0,0
2022-10-16,4,532,0,0
2022-10-17,4,271,0,0
2022-10-18,4,543,1,0
2022-10-19,4,330,0,0
2022-10-20,4,361,0,0
2022-10-21,4,375,0,0
2022-10-22,4,543,0,0
2022-10-23,4,559,0,0
2022-10-24,4,382,1,0
2022-10-25,4,376,0,0
2022-10-26,4,377,0,0
2022-10-27,4,336,0,0
2022-10-28,4,354,0,0
2022-10-29,4,464,0,0
2022-10-30,4,486,0,0
2022-10-31,4,285,0,0
2022-11-01,4,376,0,0
2022-11-02,4,468,1,0
2022-11-03,4,389,0,0
2022-11-04,4,321,0,0
2022-11-05,4,489,0,0
2022-11-06,4,652,1,0
2022-11-07,4,310,0,0
2022-11-08,4,353,0,0
2022-11-09,4,347,0,0
2022-11-10,4,326,0,0
2022-11-11,4,380,0,0
2022-11-12,4,440,0,0
2022-11-13,4,535,0,0
2022-11-14,4,287,0,0
2022-11-15,4,347,0,0
2022-11-16,4,352,0,0
2022-11-17,4,354,0,0
2022-11-18,4,477,1,0
2022-11-19,4,425,0,0
2022-11-20,4,550,0,0
2022-11-21,4,265,0,0
2022-11-22,4,334,0,0
2022-11-23,4,481,1,0
2022-11-24,4,386,0,0
2022-11-25,4,371,0,0
2022-11-26,4,470,0,0
2022-11-27,4,568,0,0
2022-11-28,4,286,0,0
2022-11-29,4,418,0,0
2022-11-30,4,510,1,0
2022-12-01,4,569,0,0
2022-12-02,4,514,0,0
2022-12-03,4,661,0,0
2022-12-04,4,712,0,0
2022-12-05,4,467,0,0
2022-12-06,4,752,1,0
2022-12-07,4,666,1,0
2022-12-08,4,848,1,0
2022-12-09,4,552,0,0
2022-12-10,4,1057,1,0
2022-12-11,4,806,0,0
2022-12-12,4,416,0,0
2022-12-13,4,821,1,0
2022-12-14,4,481,0,0
2022-12-15,4,577,0,0
2022-12-16,4,663,0,0
2022-12-17,4,657,0,0
2022-12-18,4,685,0,0
2022-12-19,4,473,0,0
2022-12-20,4,642,1,0
2022-12-21,4,574,0,0
2022-12-22,4,553,0,0
2022-12-23,4,578,0,0
2022-12-24,4,990,1,0
2022-12-25,4,761,0,0
2022-12-26,4,601,1,0
2022-12-27,4,800,1,0
2022-12-28,4,509,0,0
2022-12-29,4,530,0,0
2022-12-30,4,532,0,0
2022-12-31,4,574,0,0
2023-01-01,4,567,0,0
2023-01-02,4,259,0,0
2023-01-03,4,416,0,0
2023-01-04,4,524,1,0
2023-01-05,4,383,0,0
2023-01-06,4,341,0,0
2023-01-07,4,546,0,0
2023-01-08,4,513,0,0
2023-01-09,4,404,1,0
2023-01-10,4,567,1,0
2023-01-11,4,364,0,0
2023-01-12,4,558,1,0
2023-01-13,4,361,0,0
2023-01-14,4,534,1,0
2023-01-15,4,641,1,0
2023-01-16,4,360,1,0
2023-01-17,4,378,0,0
2023-01-18,4,531,1,0
2023-01-19,4,390,0,0
2023-01-20,4,403,0,0
2023-01-21,4,541,0,0
2023-01-22,4,626,1,0
2023-01-23,4,303,0,0
2023-01-24,4,353,0,0
2023-01-25,4,374,0,0
2023-01-26,4,489,1,0
2023-01-27,4,358,0,0
2023-01-28,4,510,0,0
2023-01-29,4,793,1,0
2023-01-30,4,250,0,0
2023-01-31,4,336,0,0
2023-02-01,4,340,0,0
2023-02-02,4,362,0,0
2023-02-03,4,390,0,0
2023-02-04,4,412,0,0
2023-02-05,4,505,0,0
2023-02-06,4,315,0,0
2023-02-07,4,545,1,0
2023-02-08,4,324,0,0
2023-02-09,4,402,0,0
2023-02-10,4,396,0,0
2023-02-11,4,573,0,0
2023-02-12,4,701,1,0
2023-02-13,4,303,0,0
2023-02-14,4,397,0,0
2023-02-15,4,378,0,0
2023-02-16,4,327,0,0
2023-02-17,4,343,0,0
2023-02-18,4,521,0,0
2023-02-19,4,798,1,0
2023-02-20,4,311,0,0
2023-02-21,4,352,0,0
2023-02-22,4,354,0,0
2023-02-23,4,355,0,0
2023-02-24,4,495,1,0
2023-02-25,4,516,0,0
2023-02-26,4,514,0,0
2023-02-27,4,294,0,0
2023-02-28,4,329,0,0
2023-03-01,4,330,0,0
2023-03-02,4,360,0,0
2023-03-03,4,340,0,0
2023-03-04,4,516,0,0
2023-03-05,4,558,0,0
2023-03-06,4,329,0,0
2023-03-07,4,398,0,0
2023-03-08,4,376,0,0
2023-03-09,4,393,0,0
2023-03-10,4,375,0,0
2023-03-11,4,701,1,0
2023-03-12,4,745,1,0
2023-03-13,4,396,1,0
2023-03-14,4,331,0,0
2023-03-15,4,366,0,0
2023-03-16,4,327,0,0
2023-03-17,4,492,1,0
2023-03-18,4,543,0,0
2023-03-19,4,538,0,0
2023-03-20,4,408,1,0
2023-03-21,4,372,0,0
2023-03-22,4,386,0,0
2023-03-23,4,395,0,0
2023-03-24,4,366,0,0
2023-03-25,4,480,0,0
2023-03-26,4,543,0,0
2023-03-27,4,278,0,0
2023-03-28,4,475,1,0
2023-03-29,4,405,0,0
2023-03-30,4,387,0,0
2023-03-31,4,422,0,0
2023-04-01,4,575,0,0
2023-04-02,4,531,0,0
2023-04-03,4,439,1,0
2023-04-04,4,347,0,0
2023-04-05,4,375,0,0
2023-04-06,4,381,0,0
2023-04-07,4,500,1,0
2023-04-08,4,567,0,0
2023-04-09,4,547,0,0
2023-04-10,4,312,0,0
2023-04-11,4,428,0,0
2023-04-12,4,381,0,0
2023-04-13,4,559,1,0
2023-04-14,4,415,0,0
2023-04-15,4,563,0,0
2023-04-16,4,598,0,0
2023-04-17,4,309,0,0
2023-04-18,4,392,0,0
2023-04-19,4,363,0,0
2023-04-20,4,370,0,0
2023-04-21,4,391,0,0
2023-04-22,4,705,1,0
2023-04-23,4,750,1,0
2023-04-24,4,307,0,0
2023-04-25,4,417,0,0
2023-04-26,4,515,1,0
2023-04-27,4,414,0,0
2023-04-28,4,339,0,0
2023-04-29,4,506,0,0
2023-04-30,4,742,1,0
2023-05-01,4,296,0,0
2023-05-02,4,383,0,0
2023-05-03,4,514,1,0
2023-05-04,4,514,1,0
2023-05-05,4,340,0,0
2023-05-06,4,736,1,0
2023-05-07,4,611,0,0
2023-05-08,4,418,1,0
2023-05-09,4,522,1,0
2023-05-10,4,440,0,0
2023-05-11,4,464,0,0
2023-05-12,4,358,0,0
2023-05-13,4,622,0,0
2023-05-14,4,723,1,0
2023-05-15,4,281,0,0
2023-05-16,4,411,0,0
2023-05-17,4,470,1,0
2023-05-18,4,381,0,0
2023-05-19,4,509,1,0
2023-05-20,4,735,1,0
2023-05-21,4,656,1,0
2023-05-22,4,273,0,0
2023-05-23,4,555,1,0
2023-05-24,4,424,0,0
2023-05-25,4,427,0,0
2023-05-26,4,339,0,0
2023-05-27,4,695,1,0
2023-05-28,4,870,1,0
2023-05-29,4,289,0,0
2023-05-30,4,457,1,0
2023-05-31,4,373,0,0
2023-06-01,4,325,0,0
2023-06-02,4,335,0,0
2023-06-03,4,520,0,0
2023-06-04,4,521,0,0
2023-06-05,4,267,0,0
2023-06-06,4,428,0,0
2023-06-07,4,376,0,0
2023-06-08,4,511,1,0
2023-06-09,4,377,0,0
2023-06-10,4,544,0,0
2023-06-11,4,626,0,0
2023-06-12,4,326,0,0
2023-06-13,4,392,0,0
2023-06-14,4,357,0,0
2023-06-15,4,365,0,0
2023-06-16,4,379,0,0
2023-06-17,4,528,0,0
2023-06-18,4,570,0,0
2023-06-19,4,271,0,0
2023-06-20,4,418,0,0
2023-06-21,4,383,0,0
2023-06-22,4,352,0,0
2023-06-23,4,394,0,0
2023-06-24,4,537,0,0
2023-06-25,4,697,1,0
2023-06-26,4,377,0,0
2023-06-27,4,510,1,0
2023-06-28,4,424,0,0
2023-06-29,4,447,0,0
2023-06-30,4,395,0,0
2023-07-01,4,708,0,0
2023-07-02,4,696,0,0
2023-07-03,4,408,0,1
2023-07-04,4,631,1,1
2023-07-05,4,501,0,1
2023-07-06,4,487,0,1
2023-07-07,4,444,0,1
2023-07-08,4,702,0,0
2023-07-09,4,849,1,0
2023-07-10,4,427,0,1
2023-07-11,4,443,0,1
2023-07-12,4,454,0,1
2023-07-13,4,392,0,1
2023-07-14,4,597,1,1
2023-07-15,4,756,0,0
2023-07-16,4,749,0,0
2023-07-17,4,381,0,1
2023-07-18,4,450,0,1
2023-07-19,4,485,0,1
2023-07-20,4,444,0,1
2023-07-21,4,461,0,1
2023-07-22,4,697,0,0
2023-07-23,4,646,0,0
2023-07-24,4,381,0,1
2023-07-25,4,499,0,1
2023-07-26,4,500,0,1
2023-07-27,4,457,0,1
2023-07-28,4,451,0,1
2023-07-29,4,701,0,0
2023-07-30,4,663,0,0
2023-07-31,4,547,1,1
2023-08-01,4,451,0,1
2023-08-02,4,462,0,1
2023-08-03,4,510,0,1
2023-08-04,4,460,0,1
2023-08-05,4,491,0,0
2023-08-06,4,709,0,0
2023-08-07,4,393,0,1
2023-08-08,4,460,0,1
2023-08-09,4,546,0,1
2023-08-10,4,438,0,1
2023-08-11,4,481,0,1
2023-08-12,4,898,1,0
2023-08-13,4,785,1,0
2023-08-14,4,375,0,1
2023-08-15,4,709,1,1
2023-08-16,4,471,0,1
2023-08-17,4,469,0,1
2023-08-18,4,717,1,1
2023-08-19,4,605,0,0
2023-08-20,4,729,0,0
2023-08-21,4,328,0,1
2023-08-22,4,521,0,1
2023-08-23,4,431,0,1
2023-08-24,4,450,0,1
2023-08-25,4,434,0,1
2023-08-26,4,713,0,0
2023-08-27,4,677,0,0
2023-08-28,4,410,0,1
2023-08-29,4,489,0,1
2023-08-30,4,466,0,1
2023-08-31,4,683,1,1
2023-09-01,4,410,0,0
2023-09-02,4,570,0,0
2023-09-03,4,543,0,0
2023-09-04,4,322,0,0
2023-09-05,4,394,0,0
2023-09-06,4,391,0,0
2023-09-07,4,407,0,0
2023-09-08,4,649,1,0
2023-09-09,4,720,1,0
2023-09-10,4,643,0,0
2023-09-11,4,340,0,0
2023-09-12,4,397,0,0
2023-09-13,4,368,0,0
2023-09-14,4,356,0,0
2023-09-15,4,389,0,0
2023-09-16,4,564,0,0
2023-09-17,4,834,1,0
2023-09-18,4,348,0,0
2023-09-19,4,396,0,0
2023-09-20,4,526,1,0
2023-09-21,4,535,1,0
2023-09-22,4,406,0,0
2023-09-23,4,534,0,0
2023-09-24,4,776,1,0
2023-09-25,4,326,0,0
2023-09-26,4,552,1,0
2023-09-27,4,454,0,0
2023-09-28,4,450,0,0
2023-09-29,4,421,0,0
2023-09-30,4,585,0,0
2023-10-01,4,672,0,0
2023-10-02,4,344,1,0
2023-10-03,4,439,0,0
2023-10-04,4,491,0,0
2023-10-05,4,397,0,0
2023-10-06,4,418,0,0
2023-10-07,4,568,0,0
2023-10-08,4,583,0,0
2023-10-09,4,354,0,0
2023-10-10,4,461,0,0
2023-10-11,4,400,0,0
2023-10-12,4,437,0,0
2023-10-13,4,441,0,0
2023-10-14,4,754,1,0
2023-10-15,4,589,0,0
2023-10-16,4,458,1,0
2023-10-17,4,356,0,0
2023-10-18,4,577,1,0
2023-10-19,4,347,0,0
2023-10-20,4,435,0,0
2023-10-21,4,589,0,0
2023-10-22,4,840,1,0
2023-10-23,4,255,0,0
2023-10-24,4,446,0,0
2023-10-25,4,443,0,0
2023-10-26,4,467,0,0
2023-10-27,4,359,0,0
2023-10-28,4,606,0,0
2023-10-29,4,486,0,0
2023-10-30,4,345,0,0
2023-10-31,4,450,0,0
2023-11-01,4,386,0,0
2023-11-02,4,403,0,0
2023-11-03,4,412,0,0
2023-11-04,4,507,0,0
2023-11-05,4,601,0,0
2023-11-06,4,280,0,0
2023-11-07,4,405,0,0
2023-11-08,4,471,0,0
2023-11-09,4,419,0,0
2023-11-10,4,370,0,0
2023-11-11,4,530,0,0
2023-11-12,4,501,0,0
2023-11-13,4,347,0,0
2023-11-14,4,371,0,0
2023-11-15,4,597,1,0
2023-11-16,4,419,0,0
2023-11-17,4,349,0,0
2023-11-18,4,492,0,0
2023-11-19,4,537,0,0
2023-11-20,4,326,0,0
2023-11-21,4,455,0,0
2023-11-22,4,430,0,0
2023-11-23,4,437,0,0
2023-11-24,4,404,0,0
2023-11-25,4,504,0,0
2023-11-26,4,608,0,0
2023-11-27,4,334,0,0
2023-11-28,4,535,1,0
2023-11-29,4,417,0,0
2023-11-30,4,391,0,0
2023-12-01,4,588,0,0
2023-12-02,4,1217,1,0
2023-12-03,4,910,0,0
2023-12-04,4,433,0,0
2023-12-05,4,612,0,0
2023-12-06,4,601,0,0
2023-12-07,4,701,0,0
2023-12-08,4,666,0,0
2023-12-09,4,1248,1,0
2023-12-10,4,833,0,0
2023-12-11,4,456,0,0
2023-12-12,4,586,0,0
2023-12-13,4,684,0,0
2023-12-14,4,566,0,0
2023-12-15,4,726,0,0
2023-12-16,4,886,0,0
2023-12-17,4,1364,1,0
2023-12-18,4,549,0,0
2023-12-19,4,718,1,0
2023-12-20,4,592,0,0
2023-12-21,4,648,0,0
2023-12-22,4,599,0,0
2023-12-23,4,924,0,0
2023-12-24,4,1425,1,0
2023-12-25,4,572,0,0
2023-12-26,4,750,0,0
2023-12-27,4,810,1,0
2023-12-28,4,991,1,0
2023-12-29,4,820,1,0
2023-12-30,4,875,0,0
2023-12-31,4,916,0,0
2024-01-01,4,339,0,0
2024-01-02,4,476,0,0
2024-01-03,4,657,1,0
2024-01-04,4,442,0,0
2024-01-05,4,374,0,0
2024-01-06,4,669,0,0
2024-01-07,4,906,1,0
2024-01-08,4,339,0,0
2024-01-09,4,366,0,0
2024-01-10,4,365,0,0
2024-01-11,4,383,0,0
2024-01-12,4,421,0,0
2024-01-13,4,667,0,0
2024-01-14,4,641,0,0
2024-01-15,4,501,1,0
2024-01-16,4,443,0,0
2024-01-17,4,584,1,0
2024-01-18,4,432,0,0
2024-01-19,4,388,0,0
2024-01-20,4,739,1,0
2024-01-21,4,582,0,0
2024-01-22,4,328,0,0
2024-01-23,4,432,0,0
2024-01-24,4,469,0,0
2024-01-25,4,391,0,0
2024-01-26,4,415,0,0
2024-01-27,4,638,0,0
2024-01-28,4,637,0,0
2024-01-29,4,473,1,0
2024-01-30,4,437,0,0
2024-01-31,4,426,0,0
2024-02-01,4,431,0,0
2024-02-02,4,669,1,0
2024-02-03,4,536,0,0
2024-02-04,4,802,1,0
2024-02-05,4,317,0,0
2024-02-06,4,611,1,0
2024-02-07,4,581,1,0
2024-02-08,4,414,0,0
2024-02-09,4,423,0,0
2024-02-10,4,637,0,0
2024-02-11,4,711,0,0
2024-02-12,4,453,1,0
2024-02-13,4,607,1,0
2024-02-14,4,420,0,0
2024-02-15,4,484,0,0
2024-02-16,4,653,1,0
2024-02-17,4,581,0,0
2024-02-18,4,596,0,0
2024-02-19,4,315,0,0
2024-02-20,4,464,0,0
2024-02-21,4,463,0,0
2024-02-22,4,426,0,0
2024-02-23,4,456,0,0
2024-02-24,4,590,0,0
2024-02-25,4,595,0,0
2024-02-26,4,370,0,0
2024-02-27,4,402,0,0
2024-02-28,4,444,0,0
2024-02-29,4,407,0,0
2024-03-01,4,496,0,0
2024-03-02,4,603,0,0
2024-03-03,4,807,1,0
2024-03-04,4,340,0,0
2024-03-05,4,394,0,0
2024-03-06,4,390,0,0
2024-03-07,4,479,0,0
2024-03-08,4,401,0,0
2024-03-09,4,580,0,0
2024-03-10,4,602,0,0
2024-03-11,4,346,0,0
2024-03-12,4,435,0,0
2024-03-13,4,612,1,0
2024-03-14,4,648,1,0
2024-03-15,4,432,0,0
2024-03-16,4,528,0,0
2024-03-17,4,632,0,0
2024-03-18,4,468,1,0
2024-03-19,4,568,1,0
2024-03-20,4,414,0,0
2024-03-21,4,659,1,0
2024-03-22,4,432,0,0
2024-03-23,4,567,0,0
2024-03-24,4,628,0,0
2024-03-25,4,381,0,0
2024-03-26,4,398,0,0
2024-03-27,4,481,0,0
2024-03-28,4,388,0,0
2024-03-29,4,441,0,0
2024-03-30,4,648,0,0
2024-03-31,4,575,0,0
2024-04-01,4,425,1,0
2024-04-02,4,420,0,0
2024-04-03,4,485,0,0
2024-04-04,4,452,0,0
2024-04-05,4,527,1,0
2024-04-06,4,702,0,0
2024-04-07,4,585,0,0
2024-04-08,4,482,1,0
2024-04-09,4,627,1,0
2024-04-10,4,463,0,0
2024-04-11,4,421,0,0
2024-04-12,4,452,0,0
2024-04-13,4,629,0,0
2024-04-14,4,834,1,0
2024-04-15,4,542,1,0
2024-04-16,4,412,0,0
2024-04-17,4,404,0,0
2024-04-18,4,454,0,0
2024-04-19,4,455,0,0
2024-04-20,4,875,1,0
2024-04-21,4,557,0,0
2024-04-22,4,495,1,0
2024-04-23,4,375,0,0
2024-04-24,4,426,0,0
2024-04-25,4,376,0,0
2024-04-26,4,552,1,0
2024-04-27,4,680,0,0
2024-04-28,4,566,0,0
2024-04-29,4,264,0,0
2024-04-30,4,454,0,0
2024-05-01,4,374,0,0
2024-05-02,4,386,0,0
2024-05-03,4,419,0,0
2024-05-04,4,551,0,0
2024-05-05,4,613,0,0
2024-05-06,4,469,1,0
2024-05-07,4,402,0,0
2024-05-08,4,444,0,0
2024-05-09,4,377,0,0
2024-05-10,4,695,1,0
2024-05-11,4,677,0,0
2024-05-12,4,779,1,0
2024-05-13,4,508,1,0
2024-05-14,4,452,0,0
2024-05-15,4,452,0,0
2024-05-16,4,402,0,0
2024-05-17,4,401,0,0
2024-05-18,4,574,0,0
2024-05-19,4,641,0,0
2024-05-20,4,338,0,0
2024-05-21,4,357,0,0
2024-05-22,4,547,1,0
2024-05-23,4,481,0,0
2024-05-24,4,404,0,0
2024-05-25,4,633,0,0
2024-05-26,4,785,1,0
2024-05-27,4,422,1,0
2024-05-28,4,485,0,0
2024-05-29,4,401,0,0
2024-05-30,4,488,0,0
2024-05-31,4,592,1,0
2024-06-01,4,834,1,0
2024-06-02,4,661,0,0
2024-06-03,4,372,0,0
2024-06-04,4,453,0,0
2024-06-05,4,578,1,0
2024-06-06,4,463,0,0
2024-06-07,4,470,0,0
2024-06-08,4,733,1,0
2024-06-09,4,836,1,0
2024-06-10,4,289,0,0
2024-06-11,4,459,0,0
2024-06-12,4,404,0,0
2024-06-13,4,462,0,0
2024-06-14,4,439,0,0
2024-06-15,4,639,0,0
2024-06-16,4,947,1,0
2024-06-17,4,329,0,0
2024-06-18,4,440,0,0
2024-06-19,4,448,0,0
2024-06-20,4,400,0,0
2024-06-21,4,476,0,0
2024-06-22,4,694,0,0
2024-06-23,4,633,0,0
2024-06-24,4,405,0,0
2024-06-25,4,465,0,0
2024-06-26,4,449,0,0
2024-06-27,4,479,0,0
2024-06-28,4,441,0,0
2024-06-29,4,827,1,0
2024-06-30,4,880,1,0
2024-07-01,4,496,0,1
2024-07-02,4,669,1,1
2024-07-03,4,480,0,1
2024-07-04,4,550,0,1
2024-07-05,4,446,0,1
2024-07-06,4,725,0,0
2024-07-07,4,746,0,0
2024-07-08,4,553,1,1
2024-07-09,4,594,0,1
2024-07-10,4,798,1,1
2024-07-11,4,618,0,1
2024-07-12,4,537,0,1
2024-07-13,4,1029,1,0
2024-07-14,4,722,0,0
2024-07-15,4,468,0,1
2024-07-16,4,635,1,1
2024-07-17,4,521,0,1
2024-07-18,4,587,0,1
2024-07-19,4,530,0,1
2024-07-20,4,720,0,0
2024-07-21,4,708,0,0
2024-07-22,4,399,0,1
2024-07-23,4,515,0,1
2024-07-24,4,558,0,1
2024-07-25,4,540,0,1
2024-07-26,4,601,0,1
2024-07-27,4,663,0,0
2024-07-28,4,714,0,0
2024-07-29,4,388,0,1
2024-07-30,4,506,0,1
2024-07-31,4,512,0,1
2024-08-01,4,560,0,1
2024-08-02,4,566,0,1
2024-08-03,4,789,0,0
2024-08-04,4,809,0,0
2024-08-05,4,468,0,1
2024-08-06,4,753,1,1
2024-08-07,4,776,1,1
2024-08-08,4,529,0,1
2024-08-09,4,482,0,1
2024-08-10,4,715,0,0
2024-08-11,4,843,0,0
2024-08-12,4,395,0,1
2024-08-13,4,525,0,1
2024-08-14,4,487,0,1
2024-08-15,4,582,0,1
2024-08-16,4,728,1,1
2024-08-17,4,737,0,0
2024-08-18,4,635,0,0
2024-08-19,4,433,0,1
2024-08-20,4,589,0,1
2024-08-21,4,571,0,1
2024-08-22,4,514,0,1
2024-08-23,4,503,0,1
2024-08-24,4,766,0,0
2024-08-25,4,666,0,0
2024-08-26,4,611,1,1
2024-08-27,4,666,1,1
2024-08-28,4,506,0,1
2024-08-29,4,505,0,1
2024-08-30,4,574,0,1
2024-08-31,4,948,1,0
2024-09-01,4,590,0,0
2024-09-02,4,407,0,0
2024-09-03,4,475,0,0
2024-09-04,4,457,0,0
2024-09-05,4,457,0,0
2024-09-06,4,378,0,0
2024-09-07,4,647,0,0
2024-09-08,4,702,0,0
2024-09-09,4,338,0,0
2024-09-10,4,539,1,0
2024-09-11,4,513,1,0
2024-09-12,4,556,1,0
2024-09-13,4,399,0,0
2024-09-14,4,652,0,0
2024-09-15,4,666,0,0
2024-09-16,4,382,0,0
2024-09-17,4,434,0,0
2024-09-18,4,496,0,0
2024-09-19,4,381,0,0
2024-09-20,4,431,0,0
2024-09-21,4,617,0,0
2024-09-22,4,670,0,0
2024-09-23,4,321,0,0
2024-09-24,4,456,0,0
2024-09-25,4,490,0,0
2024-09-26,4,484,0,0
2024-09-27,4,433,0,0
2024-09-28,4,892,1,0
2024-09-29,4,825,1,0
2024-09-30,4,350,0,0
2024-10-01,4,450,0,0
2024-10-02,4,699,1,0
2024-10-03,4,516,0,0
2024-10-04,4,491,0,0
2024-10-05,4,583,0,0
2024-10-06,4,687,0,0
2024-10-07,4,487,1,0
2024-10-08,4,478,0,0
2024-10-09,4,431,0,0
2024-10-10,4,484,0,0
2024-10-11,4,486,0,0
2024-10-12,4,649,0,0
2024-10-13,4,907,1,0
2024-10-14,4,447,1,0
2024-10-15,4,647,1,0
2024-10-16,4,435,0,0
2024-10-17,4,509,0,0
2024-10-18,4,446,0,0
2024-10-19,4,564,0,0
2024-10-20,4,712,0,0
2024-10-21,4,370,0,0
2024-10-22,4,656,1,0
2024-10-23,4,460,0,0
2024-10-24,4,406,0,0
2024-10-25,4,448,0,0
2024-10-26,4,645,0,0
2024-10-27,4,684,0,0
2024-10-28,4,372,0,0
2024-10-29,4,448,0,0
2024-10-30,4,451,0,0
2024-10-31,4,486,0,0
2024-11-01,4,492,0,0
2024-11-02,4,803,1,0
2024-11-03,4,879,1,0
2024-11-04,4,393,0,0
2024-11-05,4,522,0,0
2024-11-06,4,510,0,0
2024-11-07,4,554,1,0
2024-11-08,4,461,0,0
2024-11-09,4,775,1,0
2024-11-10,4,728,0,0
2024-11-11,4,376,0,0
2024-11-12,4,493,0,0
2024-11-13,4,580,1,0
2024-11-14,4,593,1,0
2024-11-15,4,476,0,0
2024-11-16,4,961,1,0
2024-11-17,4,558,0,0
2024-11-18,4,403,0,0
2024-11-19,4,472,0,0
2024-11-20,4,393,0,0
2024-11-21,4,490,0,0
2024-11-22,4,665,1,0
2024-11-23,4,881,1,0
2024-11-24,4,622,0,0
2024-11-25,4,347,0,0
2024-11-26,4,482,0,0
2024-11-27,4,416,0,0
2024-11-28,4,518,0,0
2024-11-29,4,434,0,0
2024-11-30,4,549,0,0
2024-12-01,4,1422,1,0
2024-12-02,4,591,0,0
2024-12-03,4,968,1,0
2024-12-04,4,758,0,0
2024-12-05,4,644,0,0
2024-12-06,4,1018,1,0
2024-12-07,4,1053,0,0
2024-12-08,4,1053,0,0
2024-12-09,4,583,0,0
2024-12-10,4,643,0,0
2024-12-11,4,680,0,0
2024-12-12,4,1028,1,0
2024-12-13,4,682,0,0
2024-12-14,4,903,0,0
2024-12-15,4,1558,1,0
2024-12-16,4,486,0,0
2024-12-17,4,909,1,0
2024-12-18,4,738,0,0
2024-12-19,4,832,0,0
2024-12-20,4,690,0,0
2024-12-21,4,958,0,0
2024-12-22,4,979,0,0
2024-12-23,4,518,0,0
2024-12-24,4,853,1,0
2024-12-25,4,758,0,0
2024-12-26,4,708,0,0
2024-12-27,4,605,0,0
2024-12-28,4,904,0,0
2024-12-29,4,1110,0,0
2024-12-30,4,621,0,0
2024-12-31,4,891,1,0
2022-01-01,5,508,0,0
2022-01-02,5,433,0,0
2022-01-03,5,269,0,0
2022-01-04,5,434,0,0
2022-01-05,5,358,0,0
2022-01-06,5,337,0,0
2022-01-07,5,348,0,0
2022-01-08,5,464,0,0
2022-01-09,5,435,0,0
2022-01-10,5,310,0,0
2022-01-11,5,298,0,0
2022-01-12,5,369,0,0
2022-01-13,5,345,0,0
2022-01-14,5,388,0,0
2022-01-15,5,485,0,0
2022-01-16,5,673,1,0
2022-01-17,5,376,1,0
2022-01-18,5,368,0,0
2022-01-19,5,324,0,0
2022-01-20,5,338,0,0
2022-01-21,5,388,0,0
2022-01-22,5,703,1,0
2022-01-23,5,683,1,0
2022-01-24,5,286,0,0
2022-01-25,5,342,0,0
2022-01-26,5,346,0,0
2022-01-27,5,362,0,0
2022-01-28,5,375,0,0
2022-01-29,5,507,0,0
2022-01-30,5,524,0,0
2022-01-31,5,398,1,0
2022-02-01,5,304,0,0
2022-02-02,5,463,1,0
2022-02-03,5,340,0,0
2022-02-04,5,427,1,0
2022-02-05,5,520,0,0
2022-02-06,5,719,1,0
2022-02-07,5,282,0,0
2022-02-08,5,278,0,0
2022-02-09,5,434,1,0
2022-02-10,5,323,0,0
2022-02-11,5,331,0,0
2022-02-12,5,476,0,0
2022-02-13,5,481,0,0
2022-02-14,5,285,0,0
2022-02-15,5,544,1,0
2022-02-16,5,500,1,0
2022-02-17,5,389,0,0
2022-02-18,5,448,1,0
2022-02-19,5,473,0,0
2022-02-20,5,501,0,0
2022-02-21,5,292,0,0
2022-02-22,5,342,0,0
2022-02-23,5,357,0,0
2022-02-24,5,400,0,0
2022-02-25,5,343,0,0
2022-02-26,5,484,0,0
2022-02-27,5,618,1,0
2022-02-28,5,427,1,0
2022-03-01,5,307,0,0
2022-03-02,5,363,0,0
2022-03-03,5,359,0,0
2022-03-04,5,337,0,0
2022-03-05,5,468,0,0
2022-03-06,5,481,0,0
2022-03-07,5,270,0,0
2022-03-08,5,332,0,0
2022-03-09,5,358,0,0
2022-03-10,5,336,0,0
2022-03-11,5,493,1,0
2022-03-12,5,521,0,0
2022-03-13,5,491,0,0
2022-03-14,5,287,0,0
2022-03-15,5,537,1,0
2022-03-16,5,377,0,0
2022-03-17,5,322,0,0
2022-03-18,5,385,0,0
2022-03-19,5,582,0,0
2022-03-20,5,537,0,0
2022-03-21,5,287,0,0
2022-03-22,5,380,0,0
2022-03-23,5,380,0,0
2022-03-24,5,522,1,0
2022-03-25,5,354,0,0
2022-03-26,5,447,0,0
2022-03-27,5,488,0,0
2022-03-28,5,396,1,0
2022-03-29,5,397,0,0
2022-03-30,5,383,0,0
2022-03-31,5,356,0,0
2022-04-01,5,361,0,0
2022-04-02,5,419,0,0
2022-04-03,5,509,0,0
2022-04-04,5,263,0,0
2022-04-05,5,418,0,0
2022-04-06,5,330,0,0
2022-04-07,5,295,0,0
2022-04-08,5,345,0,0
2022-04-09,5,557,0,0
2022-04-10,5,686,1,0
2022-04-11,5,298,0,0
2022-04-12,5,336,0,0
2022-04-13,5,356,0,0
2022-04-14,5,506,1,0
2022-04-15,5,343,0,0
2022-04-16,5,535,0,0
2022-04-17,5,488,0,0
2022-04-18,5,270,0,0
2022-04-19,5,382,0,0
2022-04-20,5,346,0,0
2022-04-21,5,371,0,0
2022-04-22,5,366,0,0
2022-04-23,5,546,0,0
2022-04-24,5,699,1,0
2022-04-25,5,302,0,0
2022-04-26,5,309,0,0
2022-04-27,5,418,0,0
2022-04-28,5,509,1,0
2022-04-29,5,368,0,0
2022-04-30,5,442,0,0
2022-05-01,5,771,1,0
2022-05-02,5,290,0,0
2022-05-03,5,533,1,0
2022-05-04,5,352,0,0
2022-05-05,5,363,0,0
2022-05-06,5,323,0,0
2022-05-07,5,541,0,0
2022-05-08,5,508,0,0
2022-05-09,5,319,0,0
2022-05-10,5,367,0,0
2022-05-11,5,401,0,0
2022-05-12,5,545,1,0
2022-05-13,5,495,1,0
2022-05-14,5,491,0,0
2022-05-15,5,426,0,0
2022-05-16,5,273,0,0
2022-05-17,5,590,1,0
2022-05-18,5,483,1,0
2022-05-19,5,312,0,0
2022-05-20,5,325,0,0
2022-05-21,5,688,1,0
2022-05-22,5,478,0,0
2022-05-23,5,297,0,0
2022-05-24,5,335,0,0
2022-05-25,5,364,0,0
2022-05-26,5,580,1,0
2022-05-27,5,482,1,0
2022-05-28,5,692,1,0
2022-05-29,5,688,1,0
2022-05-30,5,405,1,0
2022-05-31,5,384,0,0
2022-06-01,5,378,0,0
2022-06-02,5,504,1,0
2022-06-03,5,364,0,0
2022-06-04,5,549,0,0
2022-06-05,5,479,0,0
2022-06-06,5,285,0,0
2022-06-07,5,327,0,0
2022-06-08,5,383,0,0
2022-06-09,5,392,0,0
2022-06-10,5,345,0,0
2022-06-11,5,731,1,0
2022-06-12,5,445,0,0
2022-06-13,5,369,1,0
2022-06-14,5,339,0,0
2022-06-15,5,378,0,0
2022-06-16,5,482,1,0
2022-06-17,5,390,1,0
2022-06-18,5,634,0,0
2022-06-19,5,504,0,0
2022-06-20,5,292,0,0
2022-06-21,5,411,0,0
2022-06-22,5,471,1,0
2022-06-23,5,366,0,0
2022-06-24,5,551,1,0
2022-06-25,5,505,0,0
2022-06-26,5,455,0,0
2022-06-27,5,445,1,0
2022-06-28,5,377,0,0
2022-06-29,5,374,0,0
2022-06-30,5,415,0,0
2022-07-01,5,609,1,1
2022-07-02,5,781,1,0
2022-07-03,5,908,1,0
2022-07-04,5,474,1,1
2022-07-05,5,595,1,1
2022-07-06,5,710,1,1
2022-07-07,5,472,0,1
2022-07-08,5,452,0,1
2022-07-09,5,716,0,0
2022-07-10,5,566,0,0
2022-07-11,5,360,0,1
2022-07-12,5,434,0,1
2022-07-13,5,426,0,1
2022-07-14,5,466,0,1
2022-07-15,5,587,1,1
2022-07-16,5,648,0,0
2022-07-17,5,845,1,0
2022-07-18,5,357,0,1
2022-07-19,5,424,0,1
2022-07-20,5,531,0,1
2022-07-21,5,412,0,1
2022-07-22,5,588,1,1
2022-07-23,5,919,1,0
2022-07-24,5,621,0,0
2022-07-25,5,370,0,1
2022-07-26,5,486,0,1
2022-07-27,5,451,0,1
2022-07-28,5,340,0,1
2022-07-29,5,456,0,1
2022-07-30,5,666,0,0
2022-07-31,5,888,1,0
2022-08-01,5,341,0,1
2022-08-02,5,510,0,1
2022-08-03,5,395,0,1
2022-08-04,5,445,0,1
2022-08-05,5,481,0,1
2022-08-06,5,811,0,0
2022-08-07,5,785,1,0
2022-08-08,5,309,0,1
2022-08-09,5,744,1,1
2022-08-10,5,658,1,1
2022-08-11,5,636,1,1
2022-08-12,5,431,0,1
2022-08-13,5,638,0,0
2022-08-14,5,606,0,0
2022-08-15,5,396,0,1
2022-08-16,5,484,0,1
2022-08-17,5,463,0,1
2022-08-18,5,479,0,1
2022-08-19,5,469,0,1
2022-08-20,5,589,0,0
2022-08-21,5,556,0,0
2022-08-22,5,388,0,1
2022-08-23,5,496,0,1
2022-08-24,5,435,0,1
2022-08-25,5,526,0,1
2022-08-26,5,463,0,1
2022-08-27,5,544,0,0
2022-08-28,5,674,0,0
2022-08-29,5,437,0,1
2022-08-30,5,455,0,1
2022-08-31,5,471,0,1
2022-09-01,5,439,0,0
2022-09-02,5,437,1,0
2022-09-03,5,637,1,0
2022-09-04,5,542,0,0
2022-09-05,5,292,0,0
2022-09-06,5,387,0,0
2022-09-07,5,357,0,0
2022-09-08,5,428,0,0
2022-09-09,5,547,1,0
2022-09-10,5,758,1,0
2022-09-11,5,720,1,0
2022-09-12,5,302,0,0
2022-09-13,5,348,0,0
2022-09-14,5,431,0,0
2022-09-15,5,400,0,0
2022-09-16,5,372,0,0
2022-09-17,5,775,1,0
2022-09-18,5,573,0,0
2022-09-19,5,319,0,0
2022-09-20,5,594,1,0
2022-09-21,5,572,1,0
2022-09-22,5,408,0,0
2022-09-23,5,510,1,0
2022-09-24,5,710,1,0
2022-09-25,5,801,1,0
2022-09-26,5,344,0,0
2022-09-27,5,465,0,0
2022-09-28,5,389,0,0
2022-09-29,5,390,0,0
2022-09-30,5,469,1,0
2022-10-01,5,618,0,0
2022-10-02,5,758,1,0
2022-10-03,5,355,0,0
2022-10-04,5,344,0,0
2022-10-05,5,384,0,0
2022-10-06,5,382,0,0
2022-10-07,5,413,0,0
2022-10-08,5,559,0,0
2022-10-09,5,767,1,0
2022-10-10,5,296,0,0
2022-10-11,5,401,0,0
2022-10-12,5,413,0,0
2022-10-13,5,526,1,0
2022-10-14,5,374,0,0
2022-10-15,5,498,0,0
2022-10-16,5,588,0,0
2022-10-17,5,322,0,0
2022-10-18,5,472,0,0
2022-10-19,5,426,0,0
2022-10-20,5,345,0,0
2022-10-21,5,468,1,0
2022-10-22,5,581,0,0
2022-10-23,5,582,0,0
2022-10-24,5,310,0,0
2022-10-25,5,568,1,0
2022-10-26,5,404,0,0
2022-10-27,5,535,1,0
2022-10-28,5,444,1,0
2022-10-29,5,807,1,0
2022-10-30,5,446,0,0
2022-10-31,5,354,0,0
2022-11-01,5,458,0,0
2022-11-02,5,350,0,0
2022-11-03,5,417,0,0
2022-11-04,5,360,0,0
2022-11-05,5,703,1,0
2022-11-06,5,522,0,0
2022-11-07,5,325,0,0
2022-11-08,5,402,0,0
2022-11-09,5,386,0,0
2022-11-10,5,453,1,0
2022-11-11,5,379,0,0
2022-11-12,5,623,0,0
2022-11-13,5,586,0,0
2022-11-14,5,291,0,0
2022-11-15,5,540,1,0
2022-11-16,5,524,1,0
2022-11-17,5,606,1,0
2022-11-18,5,388,0,0
2022-11-19,5,497,0,0
2022-11-20,5,732,1,0
2022-11-21,5,360,0,0
2022-11-22,5,433,0,0
2022-11-23,5,399,0,0
2022-11-24,5,363,0,0
2022-11-25,5,566,1,0
2022-11-26,5,503,0,0
2022-11-27,5,568,0,0
2022-11-28,5,333,0,0
2022-11-29,5,354,0,0
2022-11-30,5,389,0,0
2022-12-01,5,614,0,0
2022-12-02,5,622,0,0
2022-12-03,5,874,0,0
2022-12-04,5,786,0,0
2022-12-05,5,457,0,0
2022-12-06,5,775,1,0
2022-12-07,5,471,0,0
2022-12-08,5,663,0,0
2022-12-09,5,794,1,0
2022-12-10,5,905,0,0
2022-12-11,5,909,0,0
2022-12-12,5,556,0,0
2022-12-13,5,544,0,0
2022-12-14,5,837,1,0
2022-12-15,5,591,0,0
2022-12-16,5,598,0,0
2022-12-17,5,881,0,0
2022-12-18,5,793,0,0
2022-12-19,5,467,0,0
2022-12-20,5,492,0,0
2022-12-21,5,569,0,0
2022-12-22,5,682,0,0
2022-12-23,5,635,0,0
2022-12-24,5,881,0,0
2022-12-25,5,1208,1,0
2022-12-26,5,479,0,0
2022-12-27,5,654,0,0
2022-12-28,5,569,0,0
2022-12-29,5,798,1,0
2022-12-30,5,591,0,0
2022-12-31,5,921,0,0
2023-01-01,5,528,0,0
2023-01-02,5,313,0,0
2023-01-03,5,384,0,0
2023-01-04,5,614,1,0
2023-01-05,5,590,1,0
2023-01-06,5,417,0,0
2023-01-07,5,598,0,0
2023-01-08,5,699,1,0
2023-01-09,5,337,0,0
2023-01-10,5,413,0,0
2023-01-11,5,377,0,0
2023-01-12,5,351,0,0
2023-01-13,5,406,0,0
2023-01-14,5,564,0,0
2023-01-15,5,656,1,0
2023-01-16,5,329,0,0
2023-01-17,5,427,0,0
2023-01-18,5,590,1,0
2023-01-19,5,399,0,0
2023-01-20,5,411,0,0
2023-01-21,5,827,1,0
2023-01-22,5,761,1,0
2023-01-23,5,305,0,0
2023-01-24,5,381,0,0
2023-01-25,5,432,0,0
2023-01-26,5,411,0,0
2023-01-27,5,394,0,0
2023-01-28,5,716,1,0
2023-01-29,5,551,0,0
2023-01-30,5,327,0,0
2023-01-31,5,456,0,0
2023-02-01,5,444,0,0
2023-02-02,5,462,0,0
2023-02-03,5,525,1,0
2023-02-04,5,482,0,0
2023-02-05,5,558,0,0
2023-02-06,5,340,0,0
2023-02-07,5,416,0,0
2023-02-08,5,486,0,0
2023-02-09,5,432,0,0
2023-02-10,5,386,0,0
2023-02-11,5,844,1,0
2023-02-12,5,496,0,0
2023-02-13,5,314,0,0
2023-02-14,5,395,0,0
2023-02-15,5,450,0,0
2023-02-16,5,419,0,0
2023-02-17,5,382,0,0
2023-02-18,5,455,0,0
2023-02-19,5,699,1,0
2023-02-20,5,459,1,0
2023-02-21,5,657,1,0
2023-02-22,5,403,0,0
2023-02-23,5,352,0,0
2023-02-24,5,437,0,0
2023-02-25,5,803,1,0
2023-02-26,5,549,0,0
2023-02-27,5,294,0,0
2023-02-28,5,526,1,0
2023-03-01,5,409,0,0
2023-03-02,5,401,0,0
2023-03-03,5,371,0,0
2023-03-04,5,513,0,0
2023-03-05,5,539,0,0
2023-03-06,5,345,0,0
2023-03-07,5,539,1,0
2023-03-08,5,443,0,0
2023-03-09,5,394,0,0
2023-03-10,5,436,0,0
2023-03-11,5,609,0,0
2023-03-12,5,559,0,0
2023-03-13,5,376,0,0
2023-03-14,5,439,0,0
2023-03-15,5,449,0,0
2023-03-16,5,437,0,0
2023-03-17,5,540,1,0
2023-03-18,5,652,0,0
2023-03-19,5,619,0,0
2023-03-20,5,334,0,0
2023-03-21,5,448,0,0
2023-03-22,5,452,0,0
2023-03-23,5,603,1,0
2023-03-24,5,409,0,0
2023-03-25,5,711,1,0
2023-03-26,5,615,0,0
2023-03-27,5,336,0,0
2023-03-28,5,377,0,0
2023-03-29,5,416,0,0
2023-03-30,5,577,1,0
2023-03-31,5,418,0,0
2023-04-01,5,474,0,0
2023-04-02,5,813,1,0
2023-04-03,5,432,1,0
2023-04-04,5,407,0,0
2023-04-05,5,587,1,0
2023-04-06,5,316,0,0
2023-04-07,5,375,0,0
2023-04-08,5,637,0,0
2023-04-09,5,573,0,0
2023-04-10,5,353,0,0
2023-04-11,5,587,1,0
2023-04-12,5,421,0,0
2023-04-13,5,552,1,0
2023-04-14,5,429,0,0
2023-04-15,5,590,0,0
2023-04-16,5,514,0,0
2023-04-17,5,286,0,0
2023-04-18,5,426,0,0
2023-04-19,5,520,1,0
2023-04-20,5,608,1,0
2023-04-21,5,484,1,0
2023-04-22,5,626,0,0
2023-04-23,5,619,0,0
2023-04-24,5,452,1,0
2023-04-25,5,345,0,0
2023-04-26,5,408,0,0
2023-04-27,5,440,0,0
2023-04-28,5,335,0,0
2023-04-29,5,620,0,0
2023-04-30,5,532,0,0
2023-05-01,5,292,0,0
2023-05-02,5,443,0,0
2023-05-03,5,409,0,0
2023-05-04,5,430,0,0
2023-05-05,5,569,1,0
2023-05-06,5,567,0,0
2023-05-07,5,488,0,0
2023-05-08,5,348,0,0
2023-05-09,5,598,1,0
2023-05-10,5,428,0,0
2023-05-11,5,433,0,0
2023-05-12,5,423,0,0
2023-05-13,5,574,0,0
2023-05-14,5,644,0,0
2023-05-15,5,371,0,0
2023-05-16,5,480,0,0
2023-05-17,5,484,1,0
2023-05-18,5,638,1,0
2023-05-19,5,425,0,0
2023-05-20,5,561,0,0
2023-05-21,5,529,0,0
2023-05-22,5,356,0,0
2023-05-23,5,436,0,0
2023-05-24,5,433,0,0
2023-05-25,5,437,0,0
2023-05-26,5,441,0,0
2023-05-27,5,675,0,0
2023-05-28,5,602,0,0
2023-05-29,5,476,1,0
2023-05-30,5,551,1,0
2023-05-31,5,488,0,0
2023-06-01,5,495,1,0
2023-06-02,5,465,0,0
2023-06-03,5,817,1,0
2023-06-04,5,582,0,0
2023-06-05,5,305,0,0
2023-06-06,5,448,0,0
2023-06-07,5,534,1,0
2023-06-08,5,460,0,0
2023-06-09,5,419,0,0
2023-06-10,5,521,0,0
2023-06-11,5,809,1,0
2023-06-12,5,340,0,0
2023-06-13,5,667,1,0
2023-06-14,5,623,1,0
2023-06-15,5,482,0,0
2023-06-16,5,610,1,0
2023-06-17,5,533,0,0
2023-06-18,5,637,0,0
2023-06-19,5,327,0,0
2023-06-20,5,407,0,0
2023-06-21,5,448,0,0
2023-06-22,5,406,0,0
2023-06-23,5,474,0,0
2023-06-24,5,700,1,0
2023-06-25,5,804,1,0
2023-06-26,5,341,0,0
2023-06-27,5,389,0,0
2023-06-28,5,413,0,0
2023-06-29,5,410,0,0
2023-06-30,5,371,0,0
2023-07-01,5,672,0,0
2023-07-02,5,708,0,0
2023-07-03,5,543,1,1
2023-07-04,5,542,0,1
2023-07-05,5,567,0,1
2023-07-06,5,499,0,1
2023-07-07,5,463,0,1
2023-07-08,5,742,0,0
2023-07-09,5,709,0,0
2023-07-10,5,443,0,1
2023-07-11,5,508,0,1
2023-07-12,5,515,0,1
2023-07-13,5,505,0,1
2023-07-14,5,575,0,1
2023-07-15,5,726,0,0
2023-07-16,5,783,0,0
2023-07-17,5,540,1,1
2023-07-18,5,729,1,1
2023-07-19,5,546,0,1
2023-07-20,5,502,0,1
2023-07-21,5,549,0,1
2023-07-22,5,629,0,0
2023-07-23,5,736,0,0
2023-07-24,5,433,0,1
2023-07-25,5,655,1,1
2023-07-26,5,494,0,1
2023-07-27,5,470,0,1
2023-07-28,5,473,0,1
2023-07-29,5,910,1,0
2023-07-30,5,770,0,0
2023-07-31,5,523,1,1
2023-08-01,5,434,0,1
2023-08-02,5,538,0,1
2023-08-03,5,437,0,1
2023-08-04,5,514,0,1
2023-08-05,5,705,0,0
2023-08-06,5,702,0,0
2023-08-07,5,365,0,1
2023-08-08,5,534,0,1
2023-08-09,5,485,0,1
2023-08-10,5,386,0,1
2023-08-11,5,741,1,1
2023-08-12,5,1015,1,0
2023-08-13,5,801,0,0
2023-08-14,5,417,0,1
2023-08-15,5,540,0,1
2023-08-16,5,493,0,1
2023-08-17,5,440,0,1
2023-08-18,5,656,1,1
2023-08-19,5,754,0,0
2023-08-20,5,741,0,0
2023-08-21,5,406,0,1
2023-08-22,5,501,0,1
2023-08-23,5,636,1,1
2023-08-24,5,507,0,1
2023-08-25,5,683,1,1
2023-08-26,5,801,0,0
2023-08-27,5,751,0,0
2023-08-28,5,419,0,1
2023-08-29,5,528,0,1
2023-08-30,5,786,1,1
2023-08-31,5,502,0,1
2023-09-01,5,413,0,0
2023-09-02,5,924,1,0
2023-09-03,5,642,0,0
2023-09-04,5,329,0,0
2023-09-05,5,662,1,0
2023-09-06,5,422,0,0
2023-09-07,5,422,0,0
2023-09-08,5,523,1,0
2023-09-09,5,553,0,0
2023-09-10,5,655,0,0
2023-09-11,5,344,0,0
2023-09-12,5,433,0,0
2023-09-13,5,479,0,0
2023-09-14,5,452,0,0
2023-09-15,5,535,1,0
2023-09-16,5,667,0,0
2023-09-17,5,659,0,0
2023-09-18,5,344,0,0
2023-09-19,5,528,1,0
2023-09-20,5,448,0,0
2023-09-21,5,403,0,0
2023-09-22,5,427,0,0
2023-09-23,5,601,0,0
2023-09-24,5,568,0,0
2023-09-25,5,522,1,0
2023-09-26,5,414,0,0
2023-09-27,5,481,0,0
2023-09-28,5,441,0,0
2023-09-29,5,388,0,0
2023-09-30,5,606,0,0
2023-10-01,5,914,1,0
2023-10-02,5,345,0,0
2023-10-03,5,413,0,0
2023-10-04,5,471,0,0
2023-10-05,5,410,0,0
2023-10-06,5,457,1,0
2023-10-07,5,809,1,0
2023-10-08,5,825,1,0
2023-10-09,5,343,0,0
2023-10-10,5,441,0,0
2023-10-11,5,584,1,0
2023-10-12,5,407,0,0
2023-10-13,5,575,1,0
2023-10-14,5,640,0,0
2023-10-15,5,676,0,0
2023-10-16,5,318,0,0
2023-10-17,5,403,0,0
2023-10-18,5,625,1,0
2023-10-19,5,501,0,0
2023-10-20,5,419,0,0
2023-10-21,5,570,0,0
2023-10-22,5,907,1,0
2023-10-23,5,382,0,0
2023-10-24,5,366,0,0
2023-10-25,5,380,0,0
2023-10-26,5,403,0,0
2023-10-27,5,629,1,0
2023-10-28,5,616,0,0
2023-10-29,5,629,0,0
2023-10-30,5,394,0,0
2023-10-31,5,387,0,0
2023-11-01,5,564,1,0
2023-11-02,5,453,0,0
2023-11-03,5,468,0,0
2023-11-04,5,596,0,0
2023-11-05,5,571,0,0
2023-11-06,5,384,0,0
2023-11-07,5,452,0,0
2023-11-08,5,392,0,0
2023-11-09,5,494,0,0
2023-11-10,5,458,0,0
2023-11-11,5,661,0,0
2023-11-12,5,626,0,0
2023-11-13,5,450,1,0
2023-11-14,5,450,0,0
2023-11-15,5,486,0,0
2023-11-16,5,585,1,0
2023-11-17,5,552,1,0
2023-11-18,5,1012,1,0
2023-11-19,5,630,0,0
2023-11-20,5,486,1,0
2023-11-21,5,436,0,0
2023-11-22,5,456,0,0
2023-11-23,5,469,1,0
2023-11-24,5,474,0,0
2023-11-25,5,652,0,0
2023-11-26,5,677,0,0
2023-11-27,5,488,1,0
2023-11-28,5,435,0,0
2023-11-29,5,485,0,0
2023-11-30,5,665,1,0
2023-12-01,5,653,0,0
2023-12-02,5,865,0,0
2023-12-03,5,1263,1,0
2023-12-04,5,499,0,0
2023-12-05,5,663,0,0
2023-12-06,5,933,1,0
2023-12-07,5,833,1,0
2023-12-08,5,667,0,0
2023-12-09,5,940,0,0
2023-12-10,5,1357,1,0
2023-12-11,5,595,0,0
2023-12-12,5,654,0,0
2023-12-13,5,1050,1,0
2023-12-14,5,709,0,0
2023-12-15,5,878,1,0
2023-12-16,5,916,0,0
2023-12-17,5,909,0,0
2023-12-18,5,517,0,0
2023-12-19,5,994,1,0
2023-12-20,5,715,0,0
2023-12-21,5,660,0,0
2023-12-22,5,637,0,0
2023-12-23,5,1022,0,0
2023-12-24,5,1288,1,0
2023-12-25,5,490,0,0
2023-12-26,5,558,0,0
2023-12-27,5,663,0,0
2023-12-28,5,928,1,0
2023-12-29,5,945,1,0
2023-12-30,5,1054,0,0
2023-12-31,5,829,0,0
2024-01-01,5,364,0,0
2024-01-02,5,605,1,0
2024-01-03,5,416,0,0
2024-01-04,5,483,0,0
2024-01-05,5,442,0,0
2024-01-06,5,848,1,0
2024-01-07,5,593,0,0
2024-01-08,5,364,0,0
2024-01-09,5,635,1,0
2024-01-10,5,615,1,0
2024-01-11,5,479,0,0
2024-01-12,5,588,1,0
2024-01-13,5,663,0,0
2024-01-14,5,665,0,0
2024-01-15,5,376,0,0
2024-01-16,5,484,0,0
2024-01-17,5,437,0,0
2024-01-18,5,583,1,0
2024-01-19,5,427,0,0
2024-01-20,5,581,0,0
2024-01-21,5,605,0,0
2024-01-22,5,348,0,0
2024-01-23,5,427,0,0
2024-01-24,5,451,0,0
2024-01-25,5,406,0,0
2024-01-26,5,486,0,0
2024-01-27,5,847,1,0
2024-01-28,5,647,0,0
2024-01-29,5,334,0,0
2024-01-30,5,453,0,0
2024-01-31,5,471,0,0
2024-02-01,5,620,1,0
2024-02-02,5,492,0,0
2024-02-03,5,651,0,0
2024-02-04,5,568,0,0
2024-02-05,5,351,0,0
2024-02-06,5,416,0,0
2024-02-07,5,485,0,0
2024-02-08,5,454,0,0
2024-02-09,5,496,0,0
2024-02-10,5,572,0,0
2024-02-11,5,618,0,0
2024-02-12,5,373,0,0
2024-02-13,5,434,0,0
2024-02-14,5,359,0,0
2024-02-15,5,408,0,0
2024-02-16,5,505,0,0
2024-02-17,5,685,0,0
2024-02-18,5,546,0,0
2024-02-19,5,470,1,0
2024-02-20,5,621,1,0
2024-02-21,5,567,1,0
2024-02-22,5,439,0,0
2024-02-23,5,408,0,0
2024-02-24,5,998,1,0
2024-02-25,5,645,0,0
2024-02-26,5,353,0,0
2024-02-27,5,400,0,0
2024-02-28,5,447,0,0
2024-02-29,5,442,0,0
2024-03-01,5,581,1,0
2024-03-02,5,621,0,0
2024-03-03,5,784,1,0
2024-03-04,5,397,0,0
2024-03-05,5,491,0,0
2024-03-06,5,680,1,0
2024-03-07,5,537,1,0
2024-03-08,5,527,0,0
2024-03-09,5,859,1,0
2024-03-10,5,775,1,0
2024-03-11,5,335,0,0
2024-03-12,5,457,0,0
2024-03-13,5,410,0,0
2024-03-14,5,548,1,0
2024-03-15,5,638,1,0
2024-03-16,5,614,0,0
2024-03-17,5,619,0,0
2024-03-18,5,349,0,0
2024-03-19,5,487,0,0
2024-03-20,5,432,0,0
2024-03-21,5,583,1,0
2024-03-22,5,718,1,0
2024-03-23,5,803,1,0
2024-03-24,5,783,1,0
2024-03-25,5,367,0,0
2024-03-26,5,594,1,0
2024-03-27,5,626,1,0
2024-03-28,5,492,0,0
2024-03-29,5,454,0,0
2024-03-30,5,654,0,0
2024-03-31,5,695,0,0
2024-04-01,5,376,0,0
2024-04-02,5,595,1,0
2024-04-03,5,672,1,0
2024-04-04,5,476,0,0
2024-04-05,5,520,0,0
2024-04-06,5,709,0,0
2024-04-07,5,835,1,0
2024-04-08,5,502,1,0
2024-04-09,5,457,0,0
2024-04-10,5,543,1,0
2024-04-11,5,426,0,0
2024-04-12,5,722,1,0
2024-04-13,5,804,1,0
2024-04-14,5,620,0,0
2024-04-15,5,357,0,0
2024-04-16,5,453,0,0
2024-04-17,5,448,0,0
2024-04-18,5,525,0,0
2024-04-19,5,429,0,0
2024-04-20,5,540,0,0
2024-04-21,5,650,0,0
2024-04-22,5,381,0,0
2024-04-23,5,489,0,0
2024-04-24,5,528,0,0
2024-04-25,5,594,1,0
2024-04-26,5,496,1,0
2024-04-27,5,608,0,0
2024-04-28,5,790,1,0
2024-04-29,5,521,1,0
2024-04-30,5,646,1,0
2024-05-01,5,479,0,0
2024-05-02,5,465,0,0
2024-05-03,5,451,0,0
2024-05-04,5,612,0,0
2024-05-05,5,660,0,0
2024-05-06,5,389,0,0
2024-05-07,5,445,0,0
2024-05-08,5,434,0,0
2024-05-09,5,466,0,0
2024-05-10,5,448,0,0
2024-05-11,5,707,0,0
2024-05-12,5,701,0,0
2024-05-13,5,526,1,0
2024-05-14,5,468,0,0
2024-05-15,5,663,1,0
2024-05-16,5,609,1,0
2024-05-17,5,500,0,0
2024-05-18,5,710,0,0
2024-05-19,5,649,0,0
2024-05-20,5,364,0,0
2024-05-21,5,477,0,0
2024-05-22,5,429,0,0
2024-05-23,5,653,1,0
2024-05-24,5,467,0,0
2024-05-25,5,702,0,0
2024-05-26,5,658,0,0
2024-05-27,5,371,0,0
2024-05-28,5,410,0,0
2024-05-29,5,494,0,0
2024-05-30,5,654,1,0
2024-05-31,5,464,0,0
2024-06-01,5,652,0,0
2024-06-02,5,875,1,0
2024-06-03,5,373,0,0
2024-06-04,5,673,1,0
2024-06-05,5,499,0,0
2024-06-06,5,619,1,0
2024-06-07,5,446,0,0
2024-06-08,5,905,1,0
2024-06-09,5,652,0,0
2024-06-10,5,356,0,0
2024-06-11,5,634,1,0
2024-06-12,5,488,0,0
2024-06-13,5,409,0,0
2024-06-14,5,551,0,0
2024-06-15,5,725,0,0
2024-06-16,5,622,0,0
2024-06-17,5,446,1,0
2024-06-18,5,652,1,0
2024-06-19,5,493,0,0
2024-06-20,5,426,0,0
2024-06-21,5,727,1,0
2024-06-22,5,644,0,0
2024-06-23,5,636,0,0
2024-06-24,5,356,0,0
2024-06-25,5,504,0,0
2024-06-26,5,505,0,0
2024-06-27,5,587,1,0
2024-06-28,5,468,0,0
2024-06-29,5,923,1,0
2024-06-30,5,737,0,0
2024-07-01,5,524,1,1
2024-07-02,5,721,1,1
2024-07-03,5,744,1,1
2024-07-04,5,480,0,1
2024-07-05,5,565,0,1
2024-07-06,5,1122,1,0
2024-07-07,5,772,0,0
2024-07-08,5,618,1,1
2024-07-09,5,547,0,1
2024-07-10,5,577,0,1
2024-07-11,5,611,0,1
2024-07-12,5,505,0,1
2024-07-13,5,691,0,0
2024-07-14,5,824,0,0
2024-07-15,5,470,0,1
2024-07-16,5,620,0,1
2024-07-17,5,589,0,1
2024-07-18,5,598,0,1
2024-07-19,5,543,0,1
2024-07-20,5,1166,1,0
2024-07-21,5,1029,1,0
2024-07-22,5,395,0,1
2024-07-23,5,529,0,1
2024-07-24,5,831,1,1
2024-07-25,5,771,1,1
2024-07-26,5,724,1,1
2024-07-27,5,1023,1,0
2024-07-28,5,883,0,0
2024-07-29,5,452,0,1
2024-07-30,5,796,1,1
2024-07-31,5,679,0,1
2024-08-01,5,541,0,1
2024-08-02,5,631,0,1
2024-08-03,5,759,0,0
2024-08-04,5,825,0,0
2024-08-05,5,674,1,1
2024-08-06,5,570,0,1
2024-08-07,5,515,0,1
2024-08-08,5,555,0,1
2024-08-09,5,504,0,1
2024-08-10,5,867,0,0
2024-08-11,5,915,0,0
2024-08-12,5,454,0,1
2024-08-13,5,543,0,1
2024-08-14,5,613,0,1
2024-08-15,5,676,0,1
2024-08-16,5,623,0,1
2024-08-17,5,1119,1,0
2024-08-18,5,720,0,0
2024-08-19,5,554,1,1
2024-08-20,5,570,0,1
2024-08-21,5,581,0,1
2024-08-22,5,564,0,1
2024-08-23,5,746,1,1
2024-08-24,5,763,0,0
2024-08-25,5,801,0,0
2024-08-26,5,471,0,1
2024-08-27,5,691,0,1
2024-08-28,5,501,0,1
2024-08-29,5,616,0,1
2024-08-30,5,751,1,1
2024-08-31,5,758,0,0
2024-09-01,5,656,0,0
2024-09-02,5,534,1,0
2024-09-03,5,413,0,0
2024-09-04,5,522,0,0
2024-09-05,5,494,0,0
2024-09-06,5,653,1,0
2024-09-07,5,653,0,0
2024-09-08,5,520,0,0
2024-09-09,5,370,0,0
2024-09-10,5,476,0,0
2024-09-11,5,542,0,0
2024-09-12,5,481,0,0
2024-09-13,5,488,0,0
2024-09-14,5,634,0,0
2024-09-15,5,671,0,0
2024-09-16,5,462,1,0
2024-09-17,5,640,1,0
2024-09-18,5,692,1,0
2024-09-19,5,479,0,0
2024-09-20,5,644,1,0
2024-09-21,5,718,0,0
2024-09-22,5,718,0,0
2024-09-23,5,455,1,0
2024-09-24,5,519,0,0
2024-09-25,5,543,0,0
2024-09-26,5,467,0,0
2024-09-27,5,636,1,0
2024-09-28,5,675,0,0
2024-09-29,5,627,0,0
2024-09-30,5,427,0,0
2024-10-01,5,551,0,0
2024-10-02,5,525,0,0
2024-10-03,5,422,0,0
2024-10-04,5,624,1,0
2024-10-05,5,888,1,0
2024-10-06,5,670,0,0
2024-10-07,5,395,0,0
2024-10-08,5,487,0,0
2024-10-09,5,487,0,0
2024-10-10,5,527,0,0
2024-10-11,5,510,0,0
2024-10-12,5,676,0,0
2024-10-13,5,725,0,0
2024-10-14,5,398,0,0
2024-10-15,5,519,0,0
2024-10-16,5,547,0,0
2024-10-17,5,534,0,0
2024-10-18,5,445,0,0
2024-10-19,5,682,0,0
2024-10-20,5,959,1,0
2024-10-21,5,350,0,0
2024-10-22,5,682,1,0
2024-10-23,5,686,1,0
2024-10-24,5,597,1,0
2024-10-25,5,656,1,0
2024-10-26,5,706,0,0
2024-10-27,5,767,0,0
2024-10-28,5,393,0,0
2024-10-29,5,445,0,0
2024-10-30,5,441,0,0
2024-10-31,5,475,0,0
2024-11-01,5,683,1,0
2024-11-02,5,719,0,0
2024-11-03,5,848,1,0
2024-11-04,5,407,0,0
2024-11-05,5,413,0,0
2024-11-06,5,636,1,0
2024-11-07,5,508,0,0
2024-11-08,5,727,1,0
2024-11-09,5,610,0,0
2024-11-10,5,705,0,0
2024-11-11,5,385,0,0
2024-11-12,5,428,0,0
2024-11-13,5,441,0,0
2024-11-14,5,678,1,0
2024-11-15,5,763,1,0
2024-11-16,5,692,0,0
2024-11-17,5,844,0,0
2024-11-18,5,415,0,0
2024-11-19,5,464,0,0
2024-11-20,5,713,1,0
2024-11-21,5,607,1,0
2024-11-22,5,499,0,0
2024-11-23,5,700,0,0
2024-11-24,5,699,0,0
2024-11-25,5,357,0,0
2024-11-26,5,397,0,0
2024-11-27,5,526,0,0
2024-11-28,5,654,1,0
2024-11-29,5,688,1,0
2024-11-30,5,773,0,0
2024-12-01,5,1072,0,0
2024-12-02,5,729,1,0
2024-12-03,5,731,0,0
2024-12-04,5,735,0,0
2024-12-05,5,819,0,0
2024-12-06,5,650,0,0
2024-12-07,5,1453,1,0
2024-12-08,5,958,0,0
2024-12-09,5,570,0,0
2024-12-10,5,1067,1,0
2024-12-11,5,758,0,0
2024-12-12,5,746,0,0
2024-12-13,5,989,1,0
2024-12-14,5,1106,0,0
2024-12-15,5,1369,1,0
2024-12-16,5,570,0,0
2024-12-17,5,801,0,0
2024-12-18,5,598,0,0
2024-12-19,5,685,0,0
2024-12-20,5,704,0,0
2024-12-21,5,1129,0,0
2024-12-22,5,1060,0,0
2024-12-23,5,545,0,0
2024-12-24,5,678,0,0
2024-12-25,5,809,0,0
2024-12-26,5,679,0,0
2024-12-27,5,712,0,0
2024-12-28,5,1015,0,0
2024-12-29,5,1091,0,0
2024-12-30,5,576,0,0
2024-12-31,5,671,0,0
2022-01-01,6,557,0,0
2022-01-02,6,556,0,0
2022-01-03,6,342,0,0
2022-01-04,6,523,1,0
2022-01-05,6,464,1,0
2022-01-06,6,575,1,0
2022-01-07,6,368,0,0
2022-01-08,6,767,1,0
2022-01-09,6,595,0,0
2022-01-10,6,306,0,0
2022-01-11,6,380,0,0
2022-01-12,6,389,0,0
2022-01-13,6,394,0,0
2022-01-14,6,412,0,0
2022-01-15,6,527,0,0
2022-01-16,6,536,0,0
2022-01-17,6,293,0,0
2022-01-18,6,366,0,0
2022-01-19,6,356,0,0
2022-01-20,6,368,0,0
2022-01-21,6,353,0,0
2022-01-22,6,573,0,0
2022-01-23,6,563,0,0
2022-01-24,6,303,0,0
2022-01-25,6,390,0,0
2022-01-26,6,357,0,0
2022-01-27,6,382,0,0
2022-01-28,6,418,0,0
2022-01-29,6,584,0,0
2022-01-30,6,605,0,0
2022-01-31,6,328,0,0
2022-02-01,6,393,0,0
2022-02-02,6,552,1,0
2022-02-03,6,471,1,0
2022-02-04,6,406,0,0
2022-02-05,6,577,0,0
2022-02-06,6,536,0,0
2022-02-07,6,309,0,0
2022-02-08,6,377,0,0
2022-02-09,6,382,0,0
2022-02-10,6,390,0,0
2022-02-11,6,531,1,0
2022-02-12,6,504,0,0
2022-02-13,6,689,1,0
2022-02-14,6,437,1,0
2022-02-15,6,397,0,0
2022-02-16,6,362,0,0
2022-02-17,6,382,0,0
2022-02-18,6,440,0,0
2022-02-19,6,452,0,0
2022-02-20,6,434,0,0
2022-02-21,6,258,0,0
2022-02-22,6,614,1,0
2022-02-23,6,479,1,0
2022-02-24,6,509,1,0
2022-02-25,6,404,0,0
2022-02-26,6,563,0,0
2022-02-27,6,531,0,0
2022-02-28,6,344,0,0
2022-03-01,6,555,1,0
2022-03-02,6,497,1,0
2022-03-03,6,357,0,0
2022-03-04,6,393,0,0
2022-03-05,6,579,0,0
2022-03-06,6,621,0,0
2022-03-07,6,318,0,0
2022-03-08,6,377,0,0
2022-03-09,6,428,0,0
2022-03-10,6,423,0,0
2022-03-11,6,557,1,0
2022-03-12,6,494,0,0
2022-03-13,6,531,0,0
2022-03-14,6,307,0,0
2022-03-15,6,413,0,0
2022-03-16,6,333,0,0
2022-03-17,6,378,0,0
2022-03-18,6,390,0,0
2022-03-19,6,724,1,0
2022-03-20,6,618,0,0
2022-03-21,6,337,0,0
2022-03-22,6,422,0,0
2022-03-23,6,508,1,0
2022-03-24,6,396,0,0
2022-03-25,6,364,0,0
2022-03-26,6,511,0,0
2022-03-27,6,800,1,0
2022-03-28,6,334,0,0
2022-03-29,6,363,0,0
2022-03-30,6,395,0,0
2022-03-31,6,467,1,0
2022-04-01,6,408,0,0
2022-04-02,6,508,0,0
2022-04-03,6,554,0,0
2022-04-04,6,483,1,0
2022-04-05,6,359,0,0
2022-04-06,6,545,1,0
2022-04-07,6,529,1,0
2022-04-08,6,357,0,0
2022-04-09,6,701,1,0
2022-04-10,6,769,1,0
2022-04-11,6,309,0,0
2022-04-12,6,438,0,0
2022-04-13,6,409,0,0
2022-04-14,6,362,0,0
2022-04-15,6,421,0,0
2022-04-16,6,596,0,0
2022-04-17,6,564,0,0
2022-04-18,6,445,1,0
2022-04-19,6,544,1,0
2022-04-20,6,433,0,0
2022-04-21,6,429,0,0
2022-04-22,6,348,0,0
2022-04-23,6,484,0,0
2022-04-24,6,545,0,0
2022-04-25,6,454,1,0
2022-04-26,6,433,0,0
2022-04-27,6,384,0,0
2022-04-28,6,525,1,0
2022-04-29,6,386,0,0
2022-04-30,6,551,0,0
2022-05-01,6,562,0,0
2022-05-02,6,412,1,0
2022-05-03,6,387,0,0
2022-05-04,6,409,0,0
2022-05-05,6,357,0,0
2022-05-06,6,456,0,0
2022-05-07,6,880,1,0
2022-05-08,6,797,1,0
2022-05-09,6,352,0,0
2022-05-10,6,369,0,0
2022-05-11,6,379,0,0
2022-05-12,6,325,0,0
2022-05-13,6,399,0,0
2022-05-14,6,560,0,0
2022-05-15,6,570,0,0
2022-05-16,6,374,1,0
2022-05-17,6,397,0,0
2022-05-18,6,409,0,0
2022-05-19,6,414,0,0
2022-05-20,6,515,1,0
2022-05-21,6,649,0,0
2022-05-22,6,549,0,0
2022-05-23,6,323,0,0
2022-05-24,6,388,0,0
2022-05-25,6,516,1,0
2022-05-26,6,420,0,0
2022-05-27,6,349,0,0
2022-05-28,6,592,0,0
2022-05-29,6,565,0,0
2022-05-30,6,426,1,0
2022-05-31,6,362,0,0
2022-06-01,6,402,0,0
2022-06-02,6,421,0,0
2022-06-03,6,406,0,0
2022-06-04,6,754,1,0
2022-06-05,6,551,0,0
2022-06-06,6,310,0,0
2022-06-07,6,365,0,0
2022-06-08,6,421,0,0
2022-06-09,6,409,0,0
2022-06-10,6,424,0,0
2022-06-11,6,542,0,0
2022-06-12,6,555,0,0
2022-06-13,6,291,0,0
2022-06-14,6,476,1,0
2022-06-15,6,405,0,0
2022-06-16,6,454,1,0
2022-06-17,6,413,0,0
2022-06-18,6,726,1,0
2022-06-19,6,666,0,0
2022-06-20,6,323,0,0
2022-06-21,6,421,0,0
2022-06-22,6,382,0,0
2022-06-23,6,440,0,0
2022-06-24,6,443,0,0
2022-06-25,6,822,1,0
2022-06-26,6,656,0,0
2022-06-27,6,296,0,0
2022-06-28,6,425,0,0
2022-06-29,6,513,1,0
2022-06-30,6,371,0,0
2022-07-01,6,484,0,1
2022-07-02,6,693,0,0
2022-07-03,6,911,1,0
2022-07-04,6,349,0,1
2022-07-05,6,660,1,1
2022-07-06,6,485,0,1
2022-07-07,6,605,1,1
2022-07-08,6,733,1,1
2022-07-09,6,1059,1,0
2022-07-10,6,930,1,0
2022-07-11,6,567,1,1
2022-07-12,6,529,1,1
2022-07-13,6,487,0,1
2022-07-14,6,530,0,1
2022-07-15,6,488,0,1
2022-07-16,6,677,0,0
2022-07-17,6,720,0,0
2022-07-18,6,461,0,1
2022-07-19,6,677,1,1
2022-07-20,6,494,0,1
2022-07-21,6,541,0,1
2022-07-22,6,507,0,1
2022-07-23,6,779,0,0
2022-07-24,6,630,0,0
2022-07-25,6,360,0,1
2022-07-26,6,457,0,1
2022-07-27,6,524,0,1
2022-07-28,6,503,0,1
2022-07-29,6,480,0,1
2022-07-30,6,705,0,0
2022-07-31,6,744,0,0
2022-08-01,6,383,0,1
2022-08-02,6,702,1,1
2022-08-03,6,474,0,1
2022-08-04,6,432,0,1
2022-08-05,6,492,0,1
2022-08-06,6,809,1,0
2022-08-07,6,905,1,0
2022-08-08,6,398,0,1
2022-08-09,6,460,0,1
2022-08-10,6,515,0,1
2022-08-11,6,483,0,1
2022-08-12,6,697,1,1
2022-08-13,6,930,1,0
2022-08-14,6,679,0,0
2022-08-15,6,498,1,1
2022-08-16,6,494,0,1
2022-08-17,6,499,0,1
2022-08-18,6,685,1,1
2022-08-19,6,504,0,1
2022-08-20,6,620,0,0
2022-08-21,6,747,0,0
2022-08-22,6,408,0,1
2022-08-23,6,496,0,1
2022-08-24,6,686,1,1
2022-08-25,6,696,1,1
2022-08-26,6,571,0,1
2022-08-27,6,662,0,0
2022-08-28,6,664,0,0
2022-08-29,6,363,0,1
2022-08-30,6,422,0,1
2022-08-31,6,512,0,1
2022-09-01,6,479,0,0
2022-09-02,6,404,0,0
2022-09-03,6,636,0,0
2022-09-04,6,765,1,0
2022-09-05,6,362,0,0
2022-09-06,6,425,0,0
2022-09-07,6,415,0,0
2022-09-08,6,535,1,0
2022-09-09,6,417,0,0
2022-09-10,6,620,0,0
2022-09-11,6,550,0,0
2022-09-12,6,330,0,0
2022-09-13,6,422,0,0
2022-09-14,6,442,0,0
2022-09-15,6,419,0,0
2022-09-16,6,407,0,0
2022-09-17,6,594,0,0
2022-09-18,6,857,1,0
2022-09-19,6,344,0,0
2022-09-20,6,559,1,0
2022-09-21,6,418,0,0
2022-09-22,6,382,0,0
2022-09-23,6,440,0,0
2022-09-24,6,524,0,0
2022-09-25,6,564,0,0
2022-09-26,6,329,0,0
2022-09-27,6,403,0,0
2022-09-28,6,384,0,0
2022-09-29,6,534,1,0
2022-09-30,6,373,0,0
2022-10-01,6,887,1,0
2022-10-02,6,756,1,0
2022-10-03,6,318,0,0
2022-10-04,6,484,0,0
2022-10-05,6,366,0,0
2022-10-06,6,437,0,0
2022-10-07,6,419,0,0
2022-10-08,6,541,0,0
2022-10-09,6,591,0,0
2022-10-10,6,382,0,0
2022-10-11,6,437,0,0
2022-10-12,6,433,0,0
2022-10-13,6,379,0,0
2022-10-14,6,392,0,0
2022-10-15,6,517,0,0
2022-10-16,6,591,0,0
2022-10-17,6,336,0,0
2022-10-18,6,393,0,0
2022-10-19,6,449,0,0
2022-10-20,6,378,0,0
2022-10-21,6,395,0,0
2022-10-22,6,593,0,0
2022-10-23,6,535,0,0
2022-10-24,6,328,0,0
2022-10-25,6,398,0,0
2022-10-26,6,429,0,0
2022-10-27,6,376,0,0
2022-10-28,6,353,0,0
2022-10-29,6,721,1,0
2022-10-30,6,631,0,0
2022-10-31,6,359,0,0
2022-11-01,6,391,0,0
2022-11-02,6,419,0,0
2022-11-03,6,422,0,0
2022-11-04,6,507,1,0
2022-11-05,6,561,0,0
2022-11-06,6,581,0,0
2022-11-07,6,279,0,0
2022-11-08,6,426,0,0
2022-11-09,6,521,0,0
2022-11-10,6,592,1,0
2022-11-11,6,430,0,0
2022-11-12,6,845,1,0
2022-11-13,6,612,0,0
2022-11-14,6,362,0,0
2022-11-15,6,358,0,0
2022-11-16,6,410,0,0
2022-11-17,6,526,1,0
2022-11-18,6,485,1,0
2022-11-19,6,792,1,0
2022-11-20,6,637,0,0
2022-11-21,6,323,0,0
2022-11-22,6,435,0,0
2022-11-23,6,466,0,0
2022-11-24,6,416,0,0
2022-11-25,6,460,0,0
2022-11-26,6,640,0,0
2022-11-27,6,609,0,0
2022-11-28,6,307,0,0
2022-11-29,6,359,0,0
2022-11-30,6,401,0,0
2022-12-01,6,615,0,0
2022-12-02,6,625,0,0
2022-12-03,6,936,0,0
2022-12-04,6,841,0,0
2022-12-05,6,536,0,0
2022-12-06,6,977,1,0
2022-12-07,6,630,0,0
2022-12-08,6,649,0,0
2022-12-09,6,720,0,0
2022-12-10,6,950,0,0
2022-12-11,6,845,0,0
2022-12-12,6,788,1,0
2022-12-13,6,877,1,0
2022-12-14,6,609,0,0
2022-12-15,6,559,0,0
2022-12-16,6,603,0,0
2022-12-17,6,907,0,0
2022-12-18,6,827,0,0
2022-12-19,6,478,0,0
2022-12-20,6,709,0,0
2022-12-21,6,652,0,0
2022-12-22,6,765,1,0
2022-12-23,6,677,0,0
2022-12-24,6,1425,1,0
2022-12-25,6,1027,1,0
2022-12-26,6,520,0,0
2022-12-27,6,644,0,0
2022-12-28,6,761,0,0
2022-12-29,6,696,0,0
2022-12-30,6,641,0,0
2022-12-31,6,962,0,0
2023-01-01,6,512,0,0
2023-01-02,6,343,0,0
2023-01-03,6,407,0,0
2023-01-04,6,433,0,0
2023-01-05,6,489,1,0
2023-01-06,6,452,0,0
2023-01-07,6,624,0,0
2023-01-08,6,653,0,0
2023-01-09,6,332,0,0
2023-01-10,6,454,0,0
2023-01-11,6,494,0,0
2023-01-12,6,420,0,0
2023-01-13,6,385,0,0
2023-01-14,6,855,1,0
2023-01-15,6,585,0,0
2023-01-16,6,316,0,0
2023-01-17,6,402,0,0
2023-01-18,6,381,0,0
2023-01-19,6,396,0,0
2023-01-20,6,444,0,0
2023-01-21,6,624,0,0
2023-01-22,6,767,1,0
2023-01-23,6,407,0,0
2023-01-24,6,588,1,0
2023-01-25,6,598,1,0
2023-01-26,6,450,0,0
2023-01-27,6,408,0,0
2023-01-28,6,650,0,0
2023-01-29,6,530,0,0
2023-01-30,6,315,0,0
2023-01-31,6,552,1,0
2023-02-01,6,440,0,0
2023-02-02,6,389,0,0
2023-02-03,6,392,0,0
2023-02-04,6,678,0,0
2023-02-05,6,670,0,0
2023-02-06,6,419,1,0
2023-02-07,6,406,0,0
2023-02-08,6,583,1,0
2023-02-09,6,614,1,0
2023-02-10,6,419,0,0
2023-02-11,6,784,1,0
2023-02-12,6,897,1,0
2023-02-13,6,328,0,0
2023-02-14,6,573,1,0
2023-02-15,6,351,0,0
2023-02-16,6,610,1,0
2023-02-17,6,453,0,0
2023-02-18,6,630,0,0
2023-02-19,6,627,0,0
2023-02-20,6,479,1,0
2023-02-21,6,428,0,0
2023-02-22,6,468,0,0
2023-02-23,6,616,1,0
2023-02-24,6,416,0,0
2023-02-25,6,807,1,0
2023-02-26,6,746,1,0
2023-02-27,6,336,0,0
2023-02-28,6,538,1,0
2023-03-01,6,470,0,0
2023-03-02,6,709,1,0
2023-03-03,6,396,0,0
2023-03-04,6,604,0,0
2023-03-05,6,596,0,0
2023-03-06,6,293,0,0
2023-03-07,6,414,0,0
2023-03-08,6,677,1,0
2023-03-09,6,443,0,0
2023-03-10,6,584,1,0
2023-03-11,6,561,0,0
2023-03-12,6,652,0,0
2023-03-13,6,455,1,0
2023-03-14,6,413,0,0
2023-03-15,6,462,0,0
2023-03-16,6,433,0,0
2023-03-17,6,406,0,0
2023-03-18,6,653,0,0
2023-03-19,6,621,0,0
2023-03-20,6,504,1,0
2023-03-21,6,435,0,0
2023-03-22,6,718,1,0
2023-03-23,6,384,0,0
2023-03-24,6,711,1,0
2023-03-25,6,588,0,0
2023-03-26,6,540,0,0
2023-03-27,6,358,0,0
2023-03-28,6,649,1,0
2023-03-29,6,614,1,0
2023-03-30,6,379,0,0
2023-03-31,6,517,1,0
2023-04-01,6,545,0,0
2023-04-02,6,585,0,0
2023-04-03,6,425,1,0
2023-04-04,6,583,1,0
2023-04-05,6,507,1,0
2023-04-06,6,434,0,0
2023-04-07,6,454,0,0
2023-04-08,6,676,0,0
2023-04-09,6,628,0,0
2023-04-10,6,393,0,0
2023-04-11,6,449,0,0
2023-04-12,6,539,1,0
2023-04-13,6,580,1,0
2023-04-14,6,417,0,0
2023-04-15,6,623,0,0
2023-04-16,6,516,0,0
2023-04-17,6,391,0,0
2023-04-18,6,466,0,0
2023-04-19,6,597,1,0
2023-04-20,6,534,0,0
2023-04-21,6,686,1,0
2023-04-22,6,648,0,0
2023-04-23,6,622,0,0
2023-04-24,6,347,0,0
2023-04-25,6,583,1,0
2023-04-26,6,418,0,0
2023-04-27,6,418,0,0
2023-04-28,6,596,1,0
2023-04-29,6,676,0,0
2023-04-30,6,618,0,0
2023-05-01,6,316,0,0
2023-05-02,6,433,0,0
2023-05-03,6,410,0,0
2023-05-04,6,501,0,0
2023-05-05,6,503,1,0
2023-05-06,6,624,0,0
2023-05-07,6,570,0,0
2023-05-08,6,349,0,0
2023-05-09,6,445,0,0
2023-05-10,6,476,0,0
2023-05-11,6,430,0,0
2023-05-12,6,445,0,0
2023-05-13,6,496,0,0
2023-05-14,6,932,1,0
2023-05-15,6,532,1,0
2023-05-16,6,710,1,0
2023-05-17,6,414,0,0
2023-05-18,6,527,0,0
2023-05-19,6,435,0,0
2023-05-20,6,703,0,0
2023-05-21,6,667,0,0
2023-05-22,6,344,0,0
2023-05-23,6,517,0,0
2023-05-24,6,523,0,0
2023-05-25,6,673,1,0
2023-05-26,6,403,0,0
2023-05-27,6,607,0,0
2023-05-28,6,893,1,0
2023-05-29,6,319,0,0
2023-05-30,6,444,0,0
2023-05-31,6,487,0,0
2023-06-01,6,600,1,0
2023-06-02,6,456,0,0
2023-06-03,6,527,0,0
2023-06-04,6,917,1,0
2023-06-05,6,372,0,0
2023-06-06,6,601,1,0
2023-06-07,6,681,1,0
2023-06-08,6,453,0,0
2023-06-09,6,450,0,0
2023-06-10,6,706,0,0
2023-06-11,6,883,1,0
2023-06-12,6,330,0,0
2023-06-13,6,563,1,0
2023-06-14,6,425,0,0
2023-06-15,6,659,1,0
2023-06-16,6,484,0,0
2023-06-17,6,641,0,0
2023-06-18,6,585,0,0
2023-06-19,6,474,1,0
2023-06-20,6,501,0,0
2023-06-21,6,602,1,0
2023-06-22,6,445,0,0
2023-06-23,6,429,0,0
2023-06-24,6,687,0,0
2023-06-25,6,594,0,0
2023-06-26,6,384,0,0
2023-06-27,6,587,1,0
2023-06-28,6,472,0,0
2023-06-29,6,463,0,0
2023-06-30,6,609,1,0
2023-07-01,6,742,0,0
2023-07-02,6,1060,1,0
2023-07-03,6,445,0,1
2023-07-04,6,518,0,1
2023-07-05,6,597,0,1
2023-07-06,6,585,0,1
2023-07-07,6,505,0,1
2023-07-08,6,714,0,0
2023-07-09,6,654,0,0
2023-07-10,6,628,1,1
2023-07-11,6,533,0,1
2023-07-12,6,546,0,1
2023-07-13,6,509,0,1
2023-07-14,6,546,0,1
2023-07-15,6,1059,1,0
2023-07-16,6,926,1,0
2023-07-17,6,604,1,1
2023-07-18,6,753,1,1
2023-07-19,6,610,0,1
2023-07-20,6,563,0,1
2023-07-21,6,683,1,1
2023-07-22,6,713,0,0
2023-07-23,6,781,0,0
2023-07-24,6,427,0,1
2023-07-25,6,580,0,1
2023-07-26,6,661,1,1
2023-07-27,6,792,1,1
2023-07-28,6,752,1,1
2023-07-29,6,1158,1,0
2023-07-30,6,762,0,0
2023-07-31,6,407,0,1
2023-08-01,6,505,0,1
2023-08-02,6,763,1,1
2023-08-03,6,497,0,1
2023-08-04,6,647,0,1
2023-08-05,6,761,0,0
2023-08-06,6,868,0,0
2023-08-07,6,384,0,1
2023-08-08,6,446,0,1
2023-08-09,6,519,0,1
2023-08-10,6,569,0,1
2023-08-11,6,752,1,1
2023-08-12,6,736,0,0
2023-08-13,6,797,0,0
2023-08-14,6,433,0,1
2023-08-15,6,500,0,1
2023-08-16,6,629,0,1
2023-08-17,6,445,0,1
2023-08-18,6,564,0,1
2023-08-19,6,777,0,0
2023-08-20,6,779,0,0
2023-08-21,6,480,0,1
2023-08-22,6,507,0,1
2023-08-23,6,682,1,1
2023-08-24,6,601,0,1
2023-08-25,6,581,0,1
2023-08-26,6,869,0,0
2023-08-27,6,764,0,0
2023-08-28,6,435,0,1
2023-08-29,6,597,0,1
2023-08-30,6,613,0,1
2023-08-31,6,679,1,1
2023-09-01,6,540,0,0
2023-09-02,6,625,0,0
2023-09-03,6,661,0,0
2023-09-04,6,388,0,0
2023-09-05,6,504,0,0
2023-09-06,6,664,1,0
2023-09-07,6,467,0,0
2023-09-08,6,491,0,0
2023-09-09,6,631,0,0
2023-09-10,6,839,1,0
2023-09-11,6,373,0,0
2023-09-12,6,511,0,0
2023-09-13,6,655,1,0
2023-09-14,6,448,0,0
2023-09-15,6,462,0,0
2023-09-16,6,703,0,0
2023-09-17,6,899,1,0
2023-09-18,6,377,0,0
2023-09-19,6,472,0,0
2023-09-20,6,423,0,0
2023-09-21,6,400,0,0
2023-09-22,6,686,1,0
2023-09-23,6,655,0,0
2023-09-24,6,663,0,0
2023-09-25,6,361,0,0
2023-09-26,6,705,1,0
2023-09-27,6,448,0,0
2023-09-28,6,457,0,0
2023-09-29,6,508,0,0
2023-09-30,6,708,1,0
2023-10-01,6,851,1,0
2023-10-02,6,380,0,0
2023-10-03,6,418,0,0
2023-10-04,6,435,0,0
2023-10-05,6,558,1,0
2023-10-06,6,471,0,0
2023-10-07,6,896,1,0
2023-10-08,6,667,0,0
2023-10-09,6,367,0,0
2023-10-10,6,623,1,0
2023-10-11,6,444,0,0
2023-10-12,6,455,0,0
2023-10-13,6,421,0,0
2023-10-14,6,676,0,0
2023-10-15,6,944,1,0
2023-10-16,6,371,0,0
2023-10-17,6,462,0,0
2023-10-18,6,473,0,0
2023-10-19,6,525,0,0
2023-10-20,6,631,1,0
2023-10-21,6,659,0,0
2023-10-22,6,1071,1,0
2023-10-23,6,499,1,0
2023-10-24,6,653,1,0
2023-10-25,6,482,0,0
2023-10-26,6,458,0,0
2023-10-27,6,486,0,0
2023-10-28,6,586,0,0
2023-10-29,6,650,0,0
2023-10-30,6,473,1,0
2023-10-31,6,659,1,0
2023-11-01,6,558,1,0
2023-11-02,6,496,0,0
2023-11-03,6,377,0,0
2023-11-04,6,680,0,0
2023-11-05,6,606,0,0
2023-11-06,6,359,0,0
2023-11-07,6,463,0,0
2023-11-08,6,717,1,0
2023-11-09,6,433,0,0
2023-11-10,6,471,0,0
2023-11-11,6,980,1,0
2023-11-12,6,663,0,0
2023-11-13,6,394,0,0
2023-11-14,6,692,1,0
2023-11-15,6,450,0,0
2023-11-16,6,454,0,0
2023-11-17,6,585,1,0
2023-11-18,6,728,0,0
2023-11-19,6,756,0,0
2023-11-20,6,339,0,0
2023-11-21,6,653,1,0
2023-11-22,6,609,1,0
2023-11-23,6,453,0,0
2023-11-24,6,497,0,0
2023-11-25,6,667,0,0
2023-11-26,6,691,0,0
2023-11-27,6,583,1,0
2023-11-28,6,487,0,0
2023-11-29,6,499,0,0
2023-11-30,6,513,0,0
2023-12-01,6,673,0,0
2023-12-02,6,1057,0,0
2023-12-03,6,953,0,0
2023-12-04,6,695,1,0
2023-12-05,6,737,0,0
2023-12-06,6,649,0,0
2023-12-07,6,637,0,0
2023-12-08,6,969,1,0
2023-12-09,6,987,0,0
2023-12-10,6,1111,0,0
2023-12-11,6,520,0,0
2023-12-12,6,734,0,0
2023-12-13,6,670,0,0
2023-12-14,6,629,0,0
2023-12-15,6,604,0,0
2023-12-16,6,914,0,0
2023-12-17,6,911,0,0
2023-12-18,6,485,0,0
2023-12-19,6,766,0,0
2023-12-20,6,783,0,0
2023-12-21,6,539,0,0
2023-12-22,6,675,0,0
2023-12-23,6,970,0,0
2023-12-24,6,986,0,0
2023-12-25,6,620,0,0
2023-12-26,6,1049,1,0
2023-12-27,6,736,0,0
2023-12-28,6,734,0,0
2023-12-29,6,689,0,0
2023-12-30,6,851,0,0
2023-12-31,6,1329,1,0
2024-01-01,6,421,0,0
2024-01-02,6,455,0,0
2024-01-03,6,466,0,0
2024-01-04,6,509,0,0
2024-01-05,6,464,0,0
2024-01-06,6,659,0,0
2024-01-07,6,966,1,0
2024-01-08,6,324,0,0
2024-01-09,6,436,0,0
2024-01-10,6,552,0,0
2024-01-11,6,511,0,0
2024-01-12,6,517,0,0
2024-01-13,6,689,0,0
2024-01-14,6,939,1,0
2024-01-15,6,494,1,0
2024-01-16,6,760,1,0
2024-01-17,6,636,1,0
2024-01-18,6,519,0,0
2024-01-19,6,464,0,0
2024-01-20,6,640,0,0
2024-01-21,6,673,0,0
2024-01-22,6,395,0,0
2024-01-23,6,532,0,0
2024-01-24,6,593,0,0
2024-01-25,6,446,0,0
2024-01-26,6,686,1,0
2024-01-27,6,919,1,0
2024-01-28,6,581,0,0
2024-01-29,6,586,1,0
2024-01-30,6,468,0,0
2024-01-31,6,466,0,0
2024-02-01,6,733,1,0
2024-02-02,6,481,0,0
2024-02-03,6,1000,1,0
2024-02-04,6,898,1,0
2024-02-05,6,544,1,0
2024-02-06,6,479,0,0
2024-02-07,6,612,1,0
2024-02-08,6,506,0,0
2024-02-09,6,515,0,0
2024-02-10,6,917,1,0
2024-02-11,6,574,0,0
2024-02-12,6,353,0,0
2024-02-13,6,465,0,0
2024-02-14,6,541,0,0
2024-02-15,6,484,0,0
2024-02-16,6,730,1,0
2024-02-17,6,736,0,0
2024-02-18,6,656,0,0
2024-02-19,6,534,1,0
2024-02-20,6,699,1,0
2024-02-21,6,457,0,0
2024-02-22,6,514,0,0
2024-02-23,6,509,0,0
2024-02-24,6,638,0,0
2024-02-25,6,708,0,0
2024-02-26,6,386,0,0
2024-02-27,6,435,0,0
2024-02-28,6,467,0,0
2024-02-29,6,466,0,0
2024-03-01,6,552,0,0
2024-03-02,6,622,0,0
2024-03-03,6,874,1,0
2024-03-04,6,402,0,0
2024-03-05,6,662,1,0
2024-03-06,6,481,0,0
2024-03-07,6,648,1,0
2024-03-08,6,525,0,0
2024-03-09,6,641,0,0
2024-03-10,6,846,1,0
2024-03-11,6,330,0,0
2024-03-12,6,471,0,0
2024-03-13,6,439,0,0
2024-03-14,6,477,0,0
2024-03-15,6,422,0,0
2024-03-16,6,668,0,0
2024-03-17,6,703,0,0
2024-03-18,6,391,0,0
2024-03-19,6,695,1,0
2024-03-20,6,722,1,0
2024-03-21,6,501,0,0
2024-03-22,6,661,1,0
2024-03-23,6,959,1,0
2024-03-24,6,704,0,0
2024-03-25,6,565,1,0
2024-03-26,6,666,1,0
2024-03-27,6,599,1,0
2024-03-28,6,533,0,0
2024-03-29,6,575,1,0
2024-03-30,6,728,0,0
2024-03-31,6,959,1,0
2024-04-01,6,407,0,0
2024-04-02,6,495,0,0
2024-04-03,6,583,0,0
2024-04-04,6,628,1,0
2024-04-05,6,659,1,0
2024-04-06,6,758,0,0
2024-04-07,6,715,0,0
2024-04-08,6,409,0,0
2024-04-09,6,543,0,0
2024-04-10,6,548,0,0
2024-04-11,6,523,0,0
2024-04-12,6,773,1,0
2024-04-13,6,716,0,0
2024-04-14,6,733,0,0
2024-04-15,6,426,0,0
2024-04-16,6,547,0,0
2024-04-17,6,459,0,0
2024-04-18,6,444,0,0
2024-04-19,6,449,0,0
2024-04-20,6,667,0,0
2024-04-21,6,750,0,0
2024-04-22,6,667,1,0
2024-04-23,6,656,1,0
2024-04-24,6,663,1,0
2024-04-25,6,600,1,0
2024-04-26,6,448,0,0
2024-04-27,6,666,0,0
2024-04-28,6,653,0,0
2024-04-29,6,421,0,0
2024-04-30,6,601,1,0
2024-05-01,6,612,1,0
2024-05-02,6,508,0,0
2024-05-03,6,658,1,0
2024-05-04,6,678,0,0
2024-05-05,6,752,0,0
2024-05-06,6,525,1,0
2024-05-07,6,498,0,0
2024-05-08,6,478,0,0
2024-05-09,6,666,1,0
2024-05-10,6,530,0,0
2024-05-11,6,675,0,0
2024-05-12,6,707,0,0
2024-05-13,6,386,0,0
2024-05-14,6,565,1,0
2024-05-15,6,470,0,0
2024-05-16,6,478,0,0
2024-05-17,6,499,0,0
2024-05-18,6,987,1,0
2024-05-19,6,688,0,0
2024-05-20,6,521,1,0
2024-05-21,6,509,0,0
2024-05-22,6,498,0,0
2024-05-23,6,448,0,0
2024-05-24,6,751,1,0
2024-05-25,6,919,1,0
2024-05-26,6,943,1,0
2024-05-27,6,353,0,0
2024-05-28,6,543,0,0
2024-05-29,6,482,0,0
2024-05-30,6,562,0,0
2024-05-31,6,497,0,0
2024-06-01,6,730,0,0
2024-06-02,6,680,0,0
2024-06-03,6,361,0,0
2024-06-04,6,516,0,0
2024-06-05,6,516,0,0
2024-06-06,6,414,0,0
2024-06-07,6,448,0,0
2024-06-08,6,761,0,0
2024-06-09,6,914,1,0
2024-06-10,6,422,0,0
2024-06-11,6,585,0,0
2024-06-12,6,519,0,0
2024-06-13,6,500,0,0
2024-06-14,6,639,1,0
2024-06-15,6,718,0,0
2024-06-16,6,725,0,0
2024-06-17,6,404,0,0
2024-06-18,6,717,1,0
2024-06-19,6,457,0,0
2024-06-20,6,506,0,0
2024-06-21,6,501,0,0
2024-06-22,6,672,0,0
2024-06-23,6,978,1,0
2024-06-24,6,363,0,0
2024-06-25,6,472,0,0
2024-06-26,6,835,1,0
2024-06-27,6,661,1,0
2024-06-28,6,495,0,0
2024-06-29,6,984,1,0
2024-06-30,6,735,0,0
2024-07-01,6,453,0,1
2024-07-02,6,918,1,1
2024-07-03,6,622,0,1
2024-07-04,6,941,1,1
2024-07-05,6,669,0,1
2024-07-06,6,811,0,0
2024-07-07,6,1033,1,0
2024-07-08,6,579,1,1
2024-07-09,6,506,0,1
2024-07-10,6,617,0,1
2024-07-11,6,576,0,1
2024-07-12,6,635,0,1
2024-07-13,6,811,0,0
2024-07-14,6,795,0,0
2024-07-15,6,506,0,1
2024-07-16,6,964,1,1
2024-07-17,6,905,1,1
2024-07-18,6,634,0,1
2024-07-19,6,898,1,1
2024-07-20,6,880,0,0
2024-07-21,6,704,0,0
2024-07-22,6,515,0,1
2024-07-23,6,633,0,1
2024-07-24,6,654,0,1
2024-07-25,6,578,0,1
2024-07-26,6,663,0,1
2024-07-27,6,775,0,0
2024-07-28,6,863,0,0
2024-07-29,6,487,0,1
2024-07-30,6,662,1,1
2024-07-31,6,584,0,1
2024-08-01,6,634,0,1
2024-08-02,6,586,0,1
2024-08-03,6,1287,1,0
2024-08-04,6,870,0,0
2024-08-05,6,478,0,1
2024-08-06,6,665,0,1
2024-08-07,6,591,0,1
2024-08-08,6,754,1,1
2024-08-09,6,639,0,1
2024-08-10,6,771,0,0
2024-08-11,6,823,0,0
2024-08-12,6,663,1,1
2024-08-13,6,598,0,1
2024-08-14,6,1032,1,1
2024-08-15,6,634,0,1
2024-08-16,6,607,0,1
2024-08-17,6,816,0,0
2024-08-18,6,882,0,0
2024-08-19,6,416,0,1
2024-08-20,6,904,1,1
2024-08-21,6,536,0,1
2024-08-22,6,629,0,1
2024-08-23,6,817,1,1
2024-08-24,6,913,0,0
2024-08-25,6,1165,1,0
2024-08-26,6,688,1,1
2024-08-27,6,711,0,1
2024-08-28,6,655,0,1
2024-08-29,6,601,0,1
2024-08-30,6,767,1,1
2024-08-31,6,849,0,0
2024-09-01,6,664,0,0
2024-09-02,6,560,1,0
2024-09-03,6,518,0,0
2024-09-04,6,455,0,0
2024-09-05,6,517,0,0
2024-09-06,6,578,0,0
2024-09-07,6,723,0,0
2024-09-08,6,941,1,0
2024-09-09,6,435,0,0
2024-09-10,6,508,0,0
2024-09-11,6,511,0,0
2024-09-12,6,560,0,0
2024-09-13,6,645,1,0
2024-09-14,6,773,0,0
2024-09-15,6,637,0,0
2024-09-16,6,650,1,0
2024-09-17,6,480,0,0
2024-09-18,6,700,1,0
2024-09-19,6,572,0,0
2024-09-20,6,456,0,0
2024-09-21,6,693,0,0
2024-09-22,6,769,0,0
2024-09-23,6,355,0,0
2024-09-24,6,724,1,0
2024-09-25,6,530,0,0
2024-09-26,6,361,0,0
2024-09-27,6,439,0,0
2024-09-28,6,608,0,0
2024-09-29,6,603,0,0
2024-09-30,6,423,0,0
2024-10-01,6,487,0,0
2024-10-02,6,454,0,0
2024-10-03,6,558,0,0
2024-10-04,6,780,1,0
2024-10-05,6,805,0,0
2024-10-06,6,730,0,0
2024-10-07,6,349,0,0
2024-10-08,6,612,1,0
2024-10-09,6,470,0,0
2024-10-10,6,490,0,0
2024-10-11,6,574,0,0
2024-10-12,6,1009,1,0
2024-10-13,6,728,0,0
2024-10-14,6,419,0,0
2024-10-15,6,752,1,0
2024-10-16,6,554,0,0
2024-10-17,6,520,0,0
2024-10-18,6,567,0,0
2024-10-19,6,699,0,0
2024-10-20,6,773,0,0
2024-10-21,6,453,0,0
2024-10-22,6,558,0,0
2024-10-23,6,479,0,0
2024-10-24,6,511,0,0
2024-10-25,6,445,0,0
2024-10-26,6,652,0,0
2024-10-27,6,962,1,0
2024-10-28,6,565,1,0
2024-10-29,6,536,0,0
2024-10-30,6,465,0,0
2024-10-31,6,515,0,0
2024-11-01,6,561,0,0
2024-11-02,6,1004,1,0
2024-11-03,6,762,0,0
2024-11-04,6,419,0,0
2024-11-05,6,490,0,0
2024-11-06,6,477,0,0
2024-11-07,6,513,0,0
2024-11-08,6,550,0,0
2024-11-09,6,916,1,0
2024-11-10,6,701,0,0
2024-11-11,6,418,0,0
2024-11-12,6,593,0,0
2024-11-13,6,536,0,0
2024-11-14,6,535,0,0
2024-11-15,6,508,0,0
2024-11-16,6,834,0,0
2024-11-17,6,997,1,0
2024-11-18,6,611,1,0
2024-11-19,6,652,0,0
2024-11-20,6,647,1,0
2024-11-21,6,519,0,0
2024-11-22,6,646,0,0
2024-11-23,6,741,0,0
2024-11-24,6,710,0,0
2024-11-25,6,614,1,0
2024-11-26,6,511,0,0
2024-11-27,6,514,0,0
2024-11-28,6,452,0,0
2024-11-29,6,436,0,0
2024-11-30,6,759,0,0
2024-12-01,6,1060,0,0
2024-12-02,6,661,0,0
2024-12-03,6,1093,1,0
2024-12-04,6,793,0,0
2024-12-05,6,857,1,0
2024-12-06,6,1045,1,0
2024-12-07,6,1392,1,0
2024-12-08,6,1024,0,0
2024-12-09,6,544,0,0
2024-12-10,6,942,1,0
2024-12-11,6,788,0,0
2024-12-12,6,896,0,0
2024-12-13,6,930,0,0
2024-12-14,6,1030,0,0
2024-12-15,6,1186,0,0
2024-12-16,6,946,1,0
2024-12-17,6,751,0,0
2024-12-18,6,1130,1,0
2024-12-19,6,1167,1,0
2024-12-20,6,943,1,0
2024-12-21,6,1150,0,0
2024-12-22,6,1372,1,0
2024-12-23,6,659,0,0
2024-12-24,6,793,0,0
2024-12-25,6,687,0,0
2024-12-26,6,748,0,0
2024-12-27,6,741,0,0
2024-12-28,6,1209,0,0
2024-12-29,6,1490,1,0
2024-12-30,6,589,0,0
2024-12-31,6,833,0,0
2022-01-01,7,560,0,0
2022-01-02,7,787,1,0
2022-01-03,7,323,0,0
2022-01-04,7,481,0,0
2022-01-05,7,416,0,0
2022-01-06,7,587,1,0
2022-01-07,7,446,0,0
2022-01-08,7,571,0,0
2022-01-09,7,638,0,0
2022-01-10,7,352,0,0
2022-01-11,7,344,0,0
2022-01-12,7,386,0,0
2022-01-13,7,552,1,0
2022-01-14,7,557,1,0
2022-01-15,7,548,0,0
2022-01-16,7,596,0,0
2022-01-17,7,321,0,0
2022-01-18,7,410,0,0
2022-01-19,7,400,0,0
2022-01-20,7,404,0,0
2022-01-21,7,379,0,0
2022-01-22,7,800,1,0
2022-01-23,7,815,1,0
2022-01-24,7,295,0,0
2022-01-25,7,531,1,0
2022-01-26,7,414,0,0
2022-01-27,7,467,0,0
2022-01-28,7,380,0,0
2022-01-29,7,564,0,0
2022-01-30,7,556,0,0
2022-01-31,7,456,1,0
2022-02-01,7,380,0,0
2022-02-02,7,392,0,0
2022-02-03,7,484,0,0
2022-02-04,7,350,0,0
2022-02-05,7,576,0,0
2022-02-06,7,579,0,0
2022-02-07,7,319,0,0
2022-02-08,7,450,0,0
2022-02-09,7,568,1,0
2022-02-10,7,473,0,0
2022-02-11,7,359,0,0
2022-02-12,7,811,1,0
2022-02-13,7,593,0,0
2022-02-14,7,346,0,0
2022-02-15,7,605,1,0
2022-02-16,7,462,0,0
2022-02-17,7,481,0,0
2022-02-18,7,375,0,0
2022-02-19,7,603,0,0
2022-02-20,7,637,0,0
2022-02-21,7,330,0,0
2022-02-22,7,385,0,0
2022-02-23,7,521,1,0
2022-02-24,7,474,0,0
2022-02-25,7,532,1,0
2022-02-26,7,600,0,0
2022-02-27,7,748,1,0
2022-02-28,7,452,1,0
2022-03-01,7,368,0,0
2022-03-02,7,368,0,0
2022-03-03,7,438,0,0
2022-03-04,7,333,0,0
2022-03-05,7,654,0,0
2022-03-06,7,602,0,0
2022-03-07,7,404,1,0
2022-03-08,7,428,0,0
2022-03-09,7,403,0,0
2022-03-10,7,522,1,0
2022-03-11,7,459,0,0
2022-03-12,7,611,0,0
2022-03-13,7,558,0,0
2022-03-14,7,314,0,0
2022-03-15,7,480,0,0
2022-03-16,7,432,0,0
2022-03-17,7,421,0,0
2022-03-18,7,393,0,0
2022-03-19,7,550,0,0
2022-03-20,7,930,1,0
2022-03-21,7,354,0,0
2022-03-22,7,419,0,0
2022-03-23,7,374,0,0
2022-03-24,7,544,1,0
2022-03-25,7,434,0,0
2022-03-26,7,869,1,0
2022-03-27,7,595,0,0
2022-03-28,7,367,0,0
2022-03-29,7,426,0,0
2022-03-30,7,456,0,0
2022-03-31,7,557,1,0
2022-04-01,7,617,1,0
2022-04-02,7,768,1,0
2022-04-03,7,625,0,0
2022-04-04,7,343,0,0
2022-04-05,7,348,0,0
2022-04-06,7,397,0,0
2022-04-07,7,370,0,0
2022-04-08,7,689,1,0
2022-04-09,7,617,0,0
2022-04-10,7,568,0,0
2022-04-11,7,405,1,0
2022-04-12,7,575,1,0
2022-04-13,7,440,0,0
2022-04-14,7,406,0,0
2022-04-15,7,433,0,0
2022-04-16,7,651,0,0
2022-04-17,7,551,0,0
2022-04-18,7,324,0,0
2022-04-19,7,370,0,0
2022-04-20,7,631,1,0
2022-04-21,7,338,0,0
2022-04-22,7,412,0,0
2022-04-23,7,675,0,0
2022-04-24,7,483,0,0
2022-04-25,7,349,0,0
2022-04-26,7,601,1,0
2022-04-27,7,443,0,0
2022-04-28,7,455,0,0
2022-04-29,7,433,0,0
2022-04-30,7,603,0,0
2022-05-01,7,522,0,0
2022-05-02,7,337,0,0
2022-05-03,7,432,0,0
2022-05-04,7,543,1,0
2022-05-05,7,537,1,0
2022-05-06,7,444,0,0
2022-05-07,7,634,0,0
2022-05-08,7,560,0,0
2022-05-09,7,452,1,0
2022-05-10,7,439,0,0
2022-05-11,7,403,0,0
2022-05-12,7,576,1,0
2022-05-13,7,436,0,0
2022-05-14,7,932,1,0
2022-05-15,7,588,0,0
2022-05-16,7,295,0,0
2022-05-17,7,377,0,0
2022-05-18,7,404,0,0
2022-05-19,7,416,0,0
2022-05-20,7,468,0,0
2022-05-21,7,707,0,0
2022-05-22,7,800,1,0
2022-05-23,7,357,0,0
2022-05-24,7,645,1,0
2022-05-25,7,454,0,0
2022-05-26,7,418,0,0
2022-05-27,7,426,0,0
2022-05-28,7,601,0,0
2022-05-29,7,674,0,0
2022-05-30,7,372,0,0
2022-05-31,7,464,0,0
2022-06-01,7,445,0,0
2022-06-02,7,591,1,0
2022-06-03,7,425,0,0
2022-06-04,7,545,0,0
2022-06-05,7,637,0,0
2022-06-06,7,330,0,0
2022-06-07,7,622,1,0
2022-06-08,7,493,1,0
2022-06-09,7,534,1,0
2022-06-10,7,466,0,0
2022-06-11,7,677,0,0
2022-06-12,7,871,1,0
2022-06-13,7,320,0,0
2022-06-14,7,470,0,0
2022-06-15,7,403,0,0
2022-06-16,7,635,1,0
2022-06-17,7,532,1,0
2022-06-18,7,585,0,0
2022-06-19,7,485,0,0
2022-06-20,7,317,0,0
2022-06-21,7,457,0,0
2022-06-22,7,679,1,0
2022-06-23,7,474,0,0
2022-06-24,7,623,1,0
2022-06-25,7,722,1,0
2022-06-26,7,587,0,0
2022-06-27,7,394,0,0
2022-06-28,7,588,1,0
2022-06-29,7,391,0,0
2022-06-30,7,420,0,0
2022-07-01,7,434,0,1
2022-07-02,7,784,0,0
2022-07-03,7,616,0,0
2022-07-04,7,500,1,1
2022-07-05,7,522,0,1
2022-07-06,7,634,1,1
2022-07-07,7,716,1,1
2022-07-08,7,558,0,1
2022-07-09,7,700,0,0
2022-07-10,7,1097,1,0
2022-07-11,7,598,1,1
2022-07-12,7,546,0,1
2022-07-13,7,579,0,1
2022-07-14,7,532,0,1
2022-07-15,7,509,0,1
2022-07-16,7,1022,1,0
2022-07-17,7,663,0,0
2022-07-18,7,451,0,1
2022-07-19,7,762,1,1
2022-07-20,7,695,1,1
2022-07-21,7,499,0,1
2022-07-22,7,534,0,1
2022-07-23,7,656,0,0
2022-07-24,7,713,0,0
2022-07-25,7,463,0,1
2022-07-26,7,482,0,1
2022-07-27,7,790,1,1
2022-07-28,7,545,0,1
2022-07-29,7,551,0,1
2022-07-30,7,702,0,0
2022-07-31,7,924,1,0
2022-08-01,7,556,1,1
2022-08-02,7,601,0,1
2022-08-03,7,500,0,1
2022-08-04,7,433,0,1
2022-08-05,7,532,0,1
2022-08-06,7,809,0,0
2022-08-07,7,1016,1,0
2022-08-08,7,484,0,1
2022-08-09,7,556,0,1
2022-08-10,7,539,0,1
2022-08-11,7,516,0,1
2022-08-12,7,551,0,1
2022-08-13,7,649,0,0
2022-08-14,7,844,0,0
2022-08-15,7,452,0,1
2022-08-16,7,565,0,1
2022-08-17,7,527,0,1
2022-08-18,7,588,0,1
2022-08-19,7,522,0,1
2022-08-20,7,959,1,0
2022-08-21,7,1006,1,0
2022-08-22,7,454,0,1
2022-08-23,7,676,1,1
2022-08-24,7,494,0,1
2022-08-25,7,492,0,1
2022-08-26,7,511,0,1
2022-08-27,7,1084,1,0
2022-08-28,7,754,0,0
2022-08-29,7,385,0,1
2022-08-30,7,633,0,1
2022-08-31,7,643,1,1
2022-09-01,7,427,0,0
2022-09-02,7,410,0,0
2022-09-03,7,587,0,0
2022-09-04,7,624,0,0
2022-09-05,7,349,0,0
2022-09-06,7,416,0,0
2022-09-07,7,455,0,0
2022-09-08,7,461,0,0
2022-09-09,7,468,0,0
2022-09-10,7,626,0,0
2022-09-11,7,869,1,0
2022-09-12,7,374,0,0
2022-09-13,7,421,0,0
2022-09-14,7,518,0,0
2022-09-15,7,506,0,0
2022-09-16,7,476,0,0
2022-09-17,7,606,0,0
2022-09-18,7,528,0,0
2022-09-19,7,415,1,0
2022-09-20,7,588,1,0
2022-09-21,7,507,0,0
2022-09-22,7,440,0,0
2022-09-23,7,412,0,0
2022-09-24,7,784,1,0
2022-09-25,7,709,0,0
2022-09-26,7,350,0,0
2022-09-27,7,504,0,0
2022-09-28,7,555,1,0
2022-09-29,7,563,1,0
2022-09-30,7,580,1,0
2022-10-01,7,651,0,0
2022-10-02,7,664,0,0
2022-10-03,7,337,0,0
2022-10-04,7,425,0,0
2022-10-05,7,534,1,0
2022-10-06,7,395,0,0
2022-10-07,7,415,0,0
2022-10-08,7,702,0,0
2022-10-09,7,784,1,0
2022-10-10,7,361,0,0
2022-10-11,7,435,0,0
2022-10-12,7,412,0,0
2022-10-13,7,635,1,0
2022-10-14,7,578,1,0
2022-10-15,7,676,0,0
2022-10-16,7,915,1,0
2022-10-17,7,344,0,0
2022-10-18,7,477,0,0
2022-10-19,7,645,1,0
2022-10-20,7,592,1,0
2022-10-21,7,586,1,0
2022-10-22,7,646,0,0
2022-10-23,7,729,0,0
2022-10-24,7,394,0,0
2022-10-25,7,453,0,0
2022-10-26,7,382,0,0
2022-10-27,7,449,0,0
2022-10-28,7,381,0,0
2022-10-29,7,551,0,0
2022-10-30,7,591,0,0
2022-10-31,7,491,1,0
2022-11-01,7,426,0,0
2022-11-02,7,498,0,0
2022-11-03,7,450,0,0
2022-11-04,7,428,0,0
2022-11-05,7,668,0,0
2022-11-06,7,802,1,0
2022-11-07,7,493,1,0
2022-11-08,7,367,0,0
2022-11-09,7,424,0,0
2022-11-10,7,496,0,0
2022-11-11,7,469,0,0
2022-11-12,7,646,0,0
2022-11-13,7,665,0,0
2022-11-14,7,398,0,0
2022-11-15,7,451,0,0
2022-11-16,7,585,1,0
2022-11-17,7,481,0,0
2022-11-18,7,602,1,0
2022-11-19,7,607,0,0
2022-11-20,7,618,0,0
2022-11-21,7,376,0,0
2022-11-22,7,389,0,0
2022-11-23,7,471,0,0
2022-11-24,7,413,0,0
2022-11-25,7,429,0,0
2022-11-26,7,568,0,0
2022-11-27,7,670,0,0
2022-11-28,7,371,0,0
2022-11-29,7,414,0,0
2022-11-30,7,485,0,0
2022-12-01,7,597,0,0
2022-12-02,7,661,0,0
2022-12-03,7,850,0,0
2022-12-04,7,1273,1,0
2022-12-05,7,522,0,0
2022-12-06,7,834,1,0
2022-12-07,7,683,0,0
2022-12-08,7,627,0,0
2022-12-09,7,566,0,0
2022-12-10,7,836,0,0
2022-12-11,7,927,0,0
2022-12-12,7,536,0,0
2022-12-13,7,639,0,0
2022-12-14,7,764,0,0
2022-12-15,7,703,0,0
2022-12-16,7,708,0,0
2022-12-17,7,889,0,0
2022-12-18,7,880,0,0
2022-12-19,7,557,0,0
2022-12-20,7,670,0,0
2022-12-21,7,701,0,0
2022-12-22,7,670,0,0
2022-12-23,7,981,1,0
2022-12-24,7,1300,1,0
2022-12-25,7,949,0,0
2022-12-26,7,571,0,0
2022-12-27,7,776,0,0
2022-12-28,7,978,1,0
2022-12-29,7,618,0,0
2022-12-30,7,677,0,0
2022-12-31,7,951,0,0
2023-01-01,7,658,0,0
2023-01-02,7,480,1,0
2023-01-03,7,458,0,0
2023-01-04,7,461,0,0
2023-01-05,7,468,0,0
2023-01-06,7,413,0,0
2023-01-07,7,584,0,0
2023-01-08,7,528,0,0
2023-01-09,7,575,1,0
2023-01-10,7,387,0,0
2023-01-11,7,462,0,0
2023-01-12,7,654,1,0
2023-01-13,7,424,0,0
2023-01-14,7,707,0,0
2023-01-15,7,646,0,0
2023-01-16,7,417,0,0
2023-01-17,7,577,1,0
2023-01-18,7,454,0,0
2023-01-19,7,443,0,0
2023-01-20,7,438,0,0
2023-01-21,7,617,0,0
2023-01-22,7,849,1,0
2023-01-23,7,357,0,0
2023-01-24,7,663,1,0
2023-01-25,7,488,0,0
2023-01-26,7,548,1,0
2023-01-27,7,441,0,0
2023-01-28,7,899,1,0
2023-01-29,7,893,1,0
2023-01-30,7,363,0,0
2023-01-31,7,624,1,0
2023-02-01,7,449,0,0
2023-02-02,7,496,0,0
2023-02-03,7,491,0,0
2023-02-04,7,633,0,0
2023-02-05,7,646,0,0
2023-02-06,7,362,0,0
2023-02-07,7,458,0,0
2023-02-08,7,503,0,0
2023-02-09,7,449,0,0
2023-02-10,7,441,0,0
2023-02-11,7,646,0,0
2023-02-12,7,1022,1,0
2023-02-13,7,489,1,0
2023-02-14,7,437,0,0
2023-02-15,7,488,0,0
2023-02-16,7,492,0,0
2023-02-17,7,469,0,0
2023-02-18,7,833,1,0
2023-02-19,7,698,0,0
2023-02-20,7,337,0,0
2023-02-21,7,378,0,0
2023-02-22,7,457,0,0
2023-02-23,7,726,1,0
2023-02-24,7,636,1,0
2023-02-25,7,634,0,0
2023-02-26,7,675,0,0
2023-02-27,7,385,0,0
2023-02-28,7,549,0,0
2023-03-01,7,689,1,0
2023-03-02,7,436,0,0
2023-03-03,7,484,0,0
2023-03-04,7,650,0,0
2023-03-05,7,887,1,0
2023-03-06,7,371,0,0
2023-03-07,7,463,0,0
2023-03-08,7,412,0,0
2023-03-09,7,451,0,0
2023-03-10,7,464,0,0
2023-03-11,7,672,0,0
2023-03-12,7,889,1,0
2023-03-13,7,506,1,0
2023-03-14,7,489,0,0
2023-03-15,7,520,0,0
2023-03-16,7,460,0,0
2023-03-17,7,438,0,0
2023-03-18,7,949,1,0
2023-03-19,7,680,0,0
2023-03-20,7,366,0,0
2023-03-21,7,525,1,0
2023-03-22,7,680,1,0
2023-03-23,7,437,0,0
2023-03-24,7,623,1,0
2023-03-25,7,640,0,0
2023-03-26,7,709,0,0
2023-03-27,7,518,1,0
2023-03-28,7,578,1,0
2023-03-29,7,753,1,0
2023-03-30,7,661,1,0
2023-03-31,7,601,1,0
2023-04-01,7,981,1,0
2023-04-02,7,658,0,0
2023-04-03,7,372,0,0
2023-04-04,7,467,0,0
2023-04-05,7,470,0,0
2023-04-06,7,469,0,0
2023-04-07,7,466,0,0
2023-04-08,7,854,1,0
2023-04-09,7,622,0,0
2023-04-10,7,515,1,0
2023-04-11,7,445,0,0
2023-04-12,7,483,0,0
2023-04-13,7,700,1,0
2023-04-14,7,471,0,0
2023-04-15,7,671,0,0
2023-04-16,7,713,0,0
2023-04-17,7,501,1,0
2023-04-18,7,451,0,0
2023-04-19,7,519,1,0
2023-04-20,7,477,0,0
2023-04-21,7,452,0,0
2023-04-22,7,874,1,0
2023-04-23,7,752,1,0
2023-04-24,7,370,0,0
2023-04-25,7,433,0,0
2023-04-26,7,426,0,0
2023-04-27,7,437,0,0
2023-04-28,7,585,1,0
2023-04-29,7,706,0,0
2023-04-30,7,719,0,0
2023-05-01,7,383,0,0
2023-05-02,7,725,1,0
2023-05-03,7,623,1,0
2023-05-04,7,508,1,0
2023-05-05,7,443,0,0
2023-05-06,7,892,1,0
2023-05-07,7,615,0,0
2023-05-08,7,514,1,0
2023-05-09,7,498,0,0
2023-05-10,7,593,1,0
2023-05-11,7,715,1,0
2023-05-12,7,747,1,0
2023-05-13,7,762,0,0
2023-05-14,7,573,0,0
2023-05-15,7,365,0,0
2023-05-16,7,485,0,0
2023-05-17,7,425,0,0
2023-05-18,7,428,0,0
2023-05-19,7,550,1,0
2023-05-20,7,668,0,0
2023-05-21,7,684,0,0
2023-05-22,7,412,0,0
2023-05-23,7,668,1,0
2023-05-24,7,677,1,0
2023-05-25,7,415,0,0
2023-05-26,7,485,0,0
2023-05-27,7,896,1,0
2023-05-28,7,634,0,0
2023-05-29,7,370,0,0
2023-05-30,7,490,0,0
2023-05-31,7,505,0,0
2023-06-01,7,550,0,0
2023-06-02,7,493,0,0
2023-06-03,7,713,0,0
2023-06-04,7,960,1,0
2023-06-05,7,416,0,0
2023-06-06,7,438,0,0
2023-06-07,7,649,1,0
2023-06-08,7,444,0,0
2023-06-09,7,447,0,0
2023-06-10,7,693,0,0
2023-06-11,7,938,1,0
2023-06-12,7,395,0,0
2023-06-13,7,458,0,0
2023-06-14,7,652,1,0
2023-06-15,7,469,0,0
2023-06-16,7,494,0,0
2023-06-17,7,728,0,0
2023-06-18,7,622,0,0
2023-06-19,7,383,0,0
2023-06-20,7,512,0,0
2023-06-21,7,422,0,0
2023-06-22,7,516,0,0
2023-06-23,7,403,0,0
2023-06-24,7,616,0,0
2023-06-25,7,670,0,0
2023-06-26,7,376,0,0
2023-06-27,7,465,0,0
2023-06-28,7,743,1,0
2023-06-29,7,589,1,0
2023-06-30,7,674,1,0
2023-07-01,7,1254,1,0
2023-07-02,7,865,0,0
2023-07-03,7,475,0,1
2023-07-04,7,589,0,1
2023-07-05,7,755,1,1
2023-07-06,7,556,0,1
2023-07-07,7,517,0,1
2023-07-08,7,1181,1,0
2023-07-09,7,985,1,0
2023-07-10,7,460,0,1
2023-07-11,7,763,1,1
2023-07-12,7,588,0,1
2023-07-13,7,608,0,1
2023-07-14,7,755,1,1
2023-07-15,7,743,0,0
2023-07-16,7,1038,1,0
2023-07-17,7,431,0,1
2023-07-18,7,668,0,1
2023-07-19,7,640,0,1
2023-07-20,7,517,0,1
2023-07-21,7,567,0,1
2023-07-22,7,753,0,0
2023-07-23,7,771,0,0
2023-07-24,7,445,0,1
2023-07-25,7,542,0,1
2023-07-26,7,623,0,1
2023-07-27,7,806,1,1
2023-07-28,7,593,0,1
2023-07-29,7,907,0,0
2023-07-30,7,1173,1,0
2023-07-31,7,467,0,1
2023-08-01,7,595,0,1
2023-08-02,7,629,0,1
2023-08-03,7,626,0,1
2023-08-04,7,483,0,1
2023-08-05,7,845,0,0
2023-08-06,7,824,0,0
2023-08-07,7,664,1,1
2023-08-08,7,503,0,1
2023-08-09,7,857,1,1
2023-08-10,7,618,0,1
2023-08-11,7,568,0,1
2023-08-12,7,930,0,0
2023-08-13,7,749,0,0
2023-08-14,7,475,0,1
2023-08-15,7,755,1,1
2023-08-16,7,550,0,1
2023-08-17,7,581,0,1
2023-08-18,7,720,0,1
2023-08-19,7,960,1,0
2023-08-20,7,868,0,0
2023-08-21,7,563,0,1
2023-08-22,7,722,1,1
2023-08-23,7,652,0,1
2023-08-24,7,634,0,1
2023-08-25,7,518,0,1
2023-08-26,7,638,0,0
2023-08-27,7,1007,1,0
2023-08-28,7,477,0,1
2023-08-29,7,835,1,1
2023-08-30,7,640,0,1
2023-08-31,7,790,1,1
2023-09-01,7,492,0,0
2023-09-02,7,826,1,0
2023-09-03,7,763,0,0
2023-09-04,7,574,1,0
2023-09-05,7,510,0,0
2023-09-06,7,490,0,0
2023-09-07,7,545,0,0
2023-09-08,7,447,0,0
2023-09-09,7,702,0,0
2023-09-10,7,793,0,0
2023-09-11,7,357,0,0
2023-09-12,7,578,0,0
2023-09-13,7,529,0,0
2023-09-14,7,519,0,0
2023-09-15,7,545,0,0
2023-09-16,7,751,0,0
2023-09-17,7,608,0,0
2023-09-18,7,346,0,0
2023-09-19,7,472,0,0
2023-09-20,7,684,1,0
2023-09-21,7,729,1,0
2023-09-22,7,484,0,0
2023-09-23,7,649,0,0
2023-09-24,7,740,0,0
2023-09-25,7,386,0,0
2023-09-26,7,510,0,0
2023-09-27,7,495,0,0
2023-09-28,7,466,0,0
2023-09-29,7,468,0,0
2023-09-30,7,629,0,0
2023-10-01,7,761,0,0
2023-10-02,7,383,0,0
2023-10-03,7,465,0,0
2023-10-04,7,425,0,0
2023-10-05,7,419,0,0
2023-10-06,7,452,0,0
2023-10-07,7,966,1,0
2023-10-08,7,698,0,0
2023-10-09,7,387,0,0
2023-10-10,7,453,0,0
2023-10-11,7,423,0,0
2023-10-12,7,467,0,0
2023-10-13,7,485,0,0
2023-10-14,7,736,0,0
2023-10-15,7,614,0,0
2023-10-16,7,386,0,0
2023-10-17,7,452,0,0
2023-10-18,7,475,0,0
2023-10-19,7,785,1,0
2023-10-20,7,461,0,0
2023-10-21,7,858,1,0
2023-10-22,7,1157,1,0
2023-10-23,7,417,0,0
2023-10-24,7,518,0,0
2023-10-25,7,463,0,0
2023-10-26,7,581,0,0
2023-10-27,7,442,0,0
2023-10-28,7,759,0,0
2023-10-29,7,768,0,0
2023-10-30,7,447,0,0
2023-10-31,7,564,0,0
2023-11-01,7,489,0,0
2023-11-02,7,511,0,0
2023-11-03,7,502,0,0
2023-11-04,7,642,0,0
2023-11-05,7,921,1,0
2023-11-06,7,594,1,0
2023-11-07,7,446,0,0
2023-11-08,7,720,1,0
2023-11-09,7,536,0,0
2023-11-10,7,681,1,0
2023-11-11,7,754,0,0
2023-11-12,7,871,1,0
2023-11-13,7,364,0,0
2023-11-14,7,654,1,0
2023-11-15,7,695,1,0
2023-11-16,7,581,0,0
2023-11-17,7,505,0,0
2023-11-18,7,679,0,0
2023-11-19,7,1040,1,0
2023-11-20,7,360,0,0
2023-11-21,7,598,1,0
2023-11-22,7,583,0,0
2023-11-23,7,471,0,0
2023-11-24,7,563,0,0
2023-11-25,7,1054,1,0
2023-11-26,7,760,0,0
2023-11-27,7,595,1,0
2023-11-28,7,592,0,0
2023-11-29,7,742,1,0
2023-11-30,7,419,0,0
2023-12-01,7,778,0,0
2023-12-02,7,1070,0,0
2023-12-03,7,1013,0,0
2023-12-04,7,591,0,0
2023-12-05,7,1014,1,0
2023-12-06,7,740,0,0
2023-12-07,7,1130,1,0
2023-12-08,7,741,0,0
2023-12-09,7,1298,0,0
2023-12-10,7,1005,0,0
2023-12-11,7,586,0,0
2023-12-12,7,747,0,0
2023-12-13,7,710,0,0
2023-12-14,7,1009,1,0
2023-12-15,7,977,1,0
2023-12-16,7,1133,0,0
2023-12-17,7,1025,0,0
2023-12-18,7,563,0,0
2023-12-19,7,739,0,0
2023-12-20,7,758,0,0
2023-12-21,7,1007,1,0
2023-12-22,7,1260,1,0
2023-12-23,7,1110,0,0
2023-12-24,7,962,0,0
2023-12-25,7,642,0,0
2023-12-26,7,781,0,0
2023-12-27,7,796,0,0
2023-12-28,7,803,0,0
2023-12-29,7,850,0,0
2023-12-30,7,1057,0,0
2023-12-31,7,1066,0,0
2024-01-01,7,519,1,0
2024-01-02,7,700,1,0
2024-01-03,7,477,0,0
2024-01-04,7,468,0,0
2024-01-05,7,584,0,0
2024-01-06,7,710,0,0
2024-01-07,7,1004,1,0
2024-01-08,7,389,0,0
2024-01-09,7,595,0,0
2024-01-10,7,501,0,0
2024-01-11,7,777,1,0
2024-01-12,7,532,0,0
2024-01-13,7,972,1,0
2024-01-14,7,735,0,0
2024-01-15,7,406,0,0
2024-01-16,7,577,1,0
2024-01-17,7,683,1,0
2024-01-18,7,523,0,0
2024-01-19,7,436,0,0
2024-01-20,7,684,0,0
2024-01-21,7,763,0,0
2024-01-22,7,592,1,0
2024-01-23,7,613,0,0
2024-01-24,7,555,0,0
2024-01-25,7,552,0,0
2024-01-26,7,713,1,0
2024-01-27,7,790,0,0
2024-01-28,7,728,0,0
2024-01-29,7,413,0,0
2024-01-30,7,699,1,0
2024-01-31,7,564,0,0
2024-02-01,7,517,0,0
2024-02-02,7,721,1,0
2024-02-03,7,691,0,0
2024-02-04,7,834,0,0
2024-02-05,7,402,0,0
2024-02-06,7,516,0,0
2024-02-07,7,553,0,0
2024-02-08,7,572,0,0
2024-02-09,7,520,0,0
2024-02-10,7,767,0,0
2024-02-11,7,676,0,0
2024-02-12,7,569,1,0
2024-02-13,7,547,0,0
2024-02-14,7,580,0,0
2024-02-15,7,628,1,0
2024-02-16,7,477,0,0
2024-02-17,7,632,0,0
2024-02-18,7,488,0,0
2024-02-19,7,376,0,0
2024-02-20,7,555,0,0
2024-02-21,7,713,1,0
2024-02-22,7,475,0,0
2024-02-23,7,569,0,0
2024-02-24,7,729,0,0
2024-02-25,7,777,0,0
2024-02-26,7,573,1,0
2024-02-27,7,712,1,0
2024-02-28,7,526,0,0
2024-02-29,7,497,0,0
2024-03-01,7,767,1,0
2024-03-02,7,620,0,0
2024-03-03,7,727,0,0
2024-03-04,7,527,1,0
2024-03-05,7,459,0,0
2024-03-06,7,524,0,0
2024-03-07,7,525,0,0
2024-03-08,7,487,0,0
2024-03-09,7,854,0,0
2024-03-10,7,797,0,0
2024-03-11,7,432,0,0
2024-03-12,7,551,0,0
2024-03-13,7,511,0,0
2024-03-14,7,706,1,0
2024-03-15,7,718,1,0
2024-03-16,7,746,0,0
2024-03-17,7,787,0,0
2024-03-18,7,436,0,0
2024-03-19,7,554,0,0
2024-03-20,7,510,0,0
2024-03-21,7,522,0,0
2024-03-22,7,707,1,0
2024-03-23,7,704,0,0
2024-03-24,7,627,0,0
2024-03-25,7,351,0,0
2024-03-26,7,475,0,0
2024-03-27,7,649,1,0
2024-03-28,7,493,0,0
2024-03-29,7,524,0,0
2024-03-30,7,799,0,0
2024-03-31,7,645,0,0
2024-04-01,7,405,0,0
2024-04-02,7,547,0,0
2024-04-03,7,554,0,0
2024-04-04,7,540,0,0
2024-04-05,7,520,0,0
2024-04-06,7,765,0,0
2024-04-07,7,653,0,0
2024-04-08,7,436,0,0
2024-04-09,7,559,0,0
2024-04-10,7,547,0,0
2024-04-11,7,696,1,0
2024-04-12,7,516,0,0
2024-04-13,7,663,0,0
2024-04-14,7,728,0,0
2024-04-15,7,430,0,0
2024-04-16,7,733,1,0
2024-04-17,7,531,0,0
2024-04-18,7,401,0,0
2024-04-19,7,495,0,0
2024-04-20,7,1033,1,0
2024-04-21,7,795,0,0
2024-04-22,7,402,0,0
2024-04-23,7,801,1,0
2024-04-24,7,518,0,0
2024-04-25,7,704,1,0
2024-04-26,7,487,0,0
2024-04-27,7,707,0,0
2024-04-28,7,642,0,0
2024-04-29,7,411,0,0
2024-04-30,7,810,1,0
2024-05-01,7,531,0,0
2024-05-02,7,469,0,0
2024-05-03,7,523,0,0
2024-05-04,7,1024,1,0
2024-05-05,7,731,0,0
2024-05-06,7,379,0,0
2024-05-07,7,522,0,0
2024-05-08,7,723,1,0
2024-05-09,7,756,1,0
2024-05-10,7,570,0,0
2024-05-11,7,768,0,0
2024-05-12,7,785,0,0
2024-05-13,7,394,0,0
2024-05-14,7,554,0,0
2024-05-15,7,768,1,0
2024-05-16,7,475,0,0
2024-05-17,7,755,1,0
2024-05-18,7,807,0,0
2024-05-19,7,776,0,0
2024-05-20,7,550,1,0
2024-05-21,7,562,0,0
2024-05-22,7,554,0,0
2024-05-23,7,696,1,0
2024-05-24,7,637,0,0
2024-05-25,7,652,0,0
2024-05-26,7,764,0,0
2024-05-27,7,357,0,0
2024-05-28,7,541,0,0
2024-05-29,7,517,0,0
2024-05-30,7,770,1,0
2024-05-31,7,709,1,0
2024-06-01,7,780,0,0
2024-06-02,7,732,0,0
2024-06-03,7,595,1,0
2024-06-04,7,585,0,0
2024-06-05,7,543,0,0
2024-06-06,7,508,0,0
2024-06-07,7,519,0,0
2024-06-08,7,633,0,0
2024-06-09,7,1073,1,0
2024-06-10,7,554,1,0
2024-06-11,7,540,0,0
2024-06-12,7,445,0,0
2024-06-13,7,530,0,0
2024-06-14,7,788,1,0
2024-06-15,7,763,0,0
2024-06-16,7,902,0,0
2024-06-17,7,411,0,0
2024-06-18,7,543,0,0
2024-06-19,7,535,0,0
2024-06-20,7,570,0,0
2024-06-21,7,534,0,0
2024-06-22,7,716,0,0
2024-06-23,7,756,0,0
2024-06-24,7,437,0,0
2024-06-25,7,564,0,0
2024-06-26,7,547,0,0
2024-06-27,7,815,1,0
2024-06-28,7,848,1,0
2024-06-29,7,724,0,0
2024-06-30,7,806,0,0
2024-07-01,7,543,0,1
2024-07-02,7,548,0,1
2024-07-03,7,713,0,1
2024-07-04,7,816,1,1
2024-07-05,7,602,0,1
2024-07-06,7,1241,1,0
2024-07-07,7,947,0,0
2024-07-08,7,540,0,1
2024-07-09,7,650,0,1
2024-07-10,7,646,0,1
2024-07-11,7,871,1,1
2024-07-12,7,647,0,1
2024-07-13,7,929,0,0
2024-07-14,7,974,0,0
2024-07-15,7,549,0,1
2024-07-16,7,934,1,1
2024-07-17,7,671,0,1
2024-07-18,7,681,0,1
2024-07-19,7,659,0,1
2024-07-20,7,955,0,0
2024-07-21,7,930,0,0
2024-07-22,7,441,0,1
2024-07-23,7,579,0,1
2024-07-24,7,879,1,1
2024-07-25,7,587,0,1
2024-07-26,7,658,0,1
2024-07-27,7,947,0,0
2024-07-28,7,953,0,0
2024-07-29,7,520,0,1
2024-07-30,7,677,0,1
2024-07-31,7,940,1,1
2024-08-01,7,948,1,1
2024-08-02,7,698,0,1
2024-08-03,7,934,0,0
2024-08-04,7,860,0,0
2024-08-05,7,464,0,1
2024-08-06,7,652,0,1
2024-08-07,7,647,0,1
2024-08-08,7,943,1,1
2024-08-09,7,622,0,1
2024-08-10,7,938,0,0
2024-08-11,7,776,0,0
2024-08-12,7,519,0,1
2024-08-13,7,878,1,1
2024-08-14,7,840,1,1
2024-08-15,7,564,0,1
2024-08-16,7,620,0,1
2024-08-17,7,1030,0,0
2024-08-18,7,1171,1,0
2024-08-19,7,608,0,1
2024-08-20,7,627,0,1
2024-08-21,7,782,1,1
2024-08-22,7,622,0,1
2024-08-23,7,623,0,1
2024-08-24,7,826,0,0
2024-08-25,7,900,0,0
2024-08-26,7,482,0,1
2024-08-27,7,884,1,1
2024-08-28,7,620,0,1
2024-08-29,7,735,0,1
2024-08-30,7,743,0,1
2024-08-31,7,1124,0,0
2024-09-01,7,792,0,0
2024-09-02,7,458,0,0
2024-09-03,7,553,0,0
2024-09-04,7,521,0,0
2024-09-05,7,557,0,0
2024-09-06,7,587,0,0
2024-09-07,7,810,0,0
2024-09-08,7,766,0,0
2024-09-09,7,597,1,0
2024-09-10,7,671,1,0
2024-09-11,7,552,0,0
2024-09-12,7,508,0,0
2024-09-13,7,578,0,0
2024-09-14,7,808,0,0
2024-09-15,7,848,0,0
2024-09-16,7,566,1,0
2024-09-17,7,461,0,0
2024-09-18,7,561,0,0
2024-09-19,7,572,0,0
2024-09-20,7,768,1,0
2024-09-21,7,674,0,0
2024-09-22,7,880,0,0
2024-09-23,7,465,0,0
2024-09-24,7,581,0,0
2024-09-25,7,787,1,0
2024-09-26,7,536,0,0
2024-09-27,7,463,0,0
2024-09-28,7,799,0,0
2024-09-29,7,770,0,0
2024-09-30,7,478,0,0
2024-10-01,7,566,0,0
2024-10-02,7,435,0,0
2024-10-03,7,523,0,0
2024-10-04,7,491,0,0
2024-10-05,7,728,0,0
2024-10-06,7,832,0,0
2024-10-07,7,465,0,0
2024-10-08,7,507,0,0
2024-10-09,7,522,0,0
2024-10-10,7,783,1,0
2024-10-11,7,590,0,0
2024-10-12,7,1060,1,0
2024-10-13,7,743,0,0
2024-10-14,7,494,0,0
2024-10-15,7,577,0,0
2024-10-16,7,477,0,0
2024-10-17,7,938,1,0
2024-10-18,7,641,0,0
2024-10-19,7,822,0,0
2024-10-20,7,784,0,0
2024-10-21,7,440,0,0
2024-10-22,7,713,1,0
2024-10-23,7,588,0,0
2024-10-24,7,520,0,0
2024-10-25,7,500,0,0
2024-10-26,7,1073,1,0
2024-10-27,7,721,0,0
2024-10-28,7,418,0,0
2024-10-29,7,595,0,0
2024-10-30,7,580,0,0
2024-10-31,7,519,0,0
2024-11-01,7,637,0,0
2024-11-02,7,788,0,0
2024-11-03,7,751,0,0
2024-11-04,7,424,0,0
2024-11-05,7,520,0,0
2024-11-06,7,582,0,0
2024-11-07,7,526,0,0
2024-11-08,7,553,0,0
2024-11-09,7,773,0,0
2024-11-10,7,991,1,0
2024-11-11,7,420,0,0
2024-11-12,7,502,0,0
2024-11-13,7,800,1,0
2024-11-14,7,577,0,0
2024-11-15,7,552,0,0
2024-11-16,7,726,0,0
2024-11-17,7,819,0,0
2024-11-18,7,464,0,0
2024-11-19,7,612,0,0
2024-11-20,7,794,1,0
2024-11-21,7,700,1,0
2024-11-22,7,722,1,0
2024-11-23,7,1163,1,0
2024-11-24,7,712,0,0
2024-11-25,7,619,1,0
2024-11-26,7,588,0,0
2024-11-27,7,587,0,0
2024-11-28,7,511,0,0
2024-11-29,7,554,0,0
2024-11-30,7,715,0,0
2024-12-01,7,1125,0,0
2024-12-02,7,670,0,0
2024-12-03,7,889,0,0
2024-12-04,7,879,0,0
2024-12-05,7,848,0,0
2024-12-06,7,830,0,0
2024-12-07,7,1190,0,0
2024-12-08,7,1204,0,0
2024-12-09,7,888,1,0
2024-12-10,7,666,0,0
2024-12-11,7,802,0,0
2024-12-12,7,840,0,0
2024-12-13,7,885,0,0
2024-12-14,7,1528,1,0
2024-12-15,7,1120,0,0
2024-12-16,7,561,0,0
2024-12-17,7,846,0,0
2024-12-18,7,1143,1,0
2024-12-19,7,756,0,0
2024-12-20,7,882,0,0
2024-12-21,7,1176,0,0
2024-12-22,7,1075,0,0
2024-12-23,7,653,0,0
2024-12-24,7,834,0,0
2024-12-25,7,788,0,0
2024-12-26,7,923,0,0
2024-12-27,7,799,0,0
2024-12-28,7,1025,0,0
2024-12-29,7,1069,0,0
2024-12-30,7,689,0,0
2024-12-31,7,885,0,0
2022-01-01,8,631,0,0
2022-01-02,8,647,0,0
2022-01-03,8,459,1,0
2022-01-04,8,375,0,0
2022-01-05,8,462,1,0
2022-01-06,8,513,0,0
2022-01-07,8,454,0,0
2022-01-08,8,607,0,0
2022-01-09,8,620,0,0
2022-01-10,8,409,0,0
2022-01-11,8,415,0,0
2022-01-12,8,435,0,0
2022-01-13,8,467,0,0
2022-01-14,8,444,0,0
2022-01-15,8,540,0,0
2022-01-16,8,948,1,0
2022-01-17,8,402,0,0
2022-01-18,8,617,1,0
2022-01-19,8,703,1,0
2022-01-20,8,447,0,0
2022-01-21,8,453,0,0
2022-01-22,8,687,1,0
2022-01-23,8,619,0,0
2022-01-24,8,359,0,0
2022-01-25,8,653,1,0
2022-01-26,8,442,0,0
2022-01-27,8,435,0,0
2022-01-28,8,412,0,0
2022-01-29,8,788,1,0
2022-01-30,8,557,0,0
2022-01-31,8,358,0,0
2022-02-01,8,457,0,0
2022-02-02,8,452,0,0
2022-02-03,8,429,0,0
2022-02-04,8,450,0,0
2022-02-05,8,856,1,0
2022-02-06,8,842,1,0
2022-02-07,8,360,0,0
2022-02-08,8,445,0,0
2022-02-09,8,507,0,0
2022-02-10,8,413,0,0
2022-02-11,8,486,0,0
2022-02-12,8,523,0,0
2022-02-13,8,667,0,0
2022-02-14,8,338,0,0
2022-02-15,8,470,0,0
2022-02-16,8,560,1,0
2022-02-17,8,467,0,0
2022-02-18,8,569,1,0
2022-02-19,8,680,0,0
2022-02-20,8,606,0,0
2022-02-21,8,357,0,0
2022-02-22,8,355,0,0
2022-02-23,8,418,0,0
2022-02-24,8,493,0,0
2022-02-25,8,422,0,0
2022-02-26,8,571,0,0
2022-02-27,8,532,0,0
2022-02-28,8,504,1,0
2022-03-01,8,611,1,0
2022-03-02,8,525,0,0
2022-03-03,8,431,0,0
2022-03-04,8,461,0,0
2022-03-05,8,655,0,0
2022-03-06,8,594,0,0
2022-03-07,8,419,0,0
2022-03-08,8,447,0,0
2022-03-09,8,543,1,0
2022-03-10,8,372,0,0
2022-03-11,8,460,0,0
2022-03-12,8,788,1,0
2022-03-13,8,938,1,0
2022-03-14,8,371,0,0
2022-03-15,8,533,1,0
2022-03-16,8,439,0,0
2022-03-17,8,614,1,0
2022-03-18,8,449,0,0
2022-03-19,8,674,0,0
2022-03-20,8,853,1,0
2022-03-21,8,329,0,0
2022-03-22,8,439,0,0
2022-03-23,8,452,0,0
2022-03-24,8,457,0,0
2022-03-25,8,416,0,0
2022-03-26,8,643,0,0
2022-03-27,8,595,0,0
2022-03-28,8,382,0,0
2022-03-29,8,487,0,0
2022-03-30,8,468,0,0
2022-03-31,8,648,1,0
2022-04-01,8,471,0,0
2022-04-02,8,619,0,0
2022-04-03,8,584,0,0
2022-04-04,8,499,1,0
2022-04-05,8,463,0,0
2022-04-06,8,467,0,0
2022-04-07,8,437,0,0
2022-04-08,8,681,1,0
2022-04-09,8,666,0,0
2022-04-10,8,655,0,0
2022-04-11,8,324,0,0
2022-04-12,8,408,0,0
2022-04-13,8,484,0,0
2022-04-14,8,462,0,0
2022-04-15,8,472,0,0
2022-04-16,8,906,1,0
2022-04-17,8,643,0,0
2022-04-18,8,330,0,0
2022-04-19,8,410,0,0
2022-04-20,8,468,0,0
2022-04-21,8,521,0,0
2022-04-22,8,430,0,0
2022-04-23,8,598,0,0
2022-04-24,8,552,0,0
2022-04-25,8,352,0,0
2022-04-26,8,491,0,0
2022-04-27,8,586,1,0
2022-04-28,8,442,0,0
2022-04-29,8,478,0,0
2022-04-30,8,551,0,0
2022-05-01,8,700,0,0
2022-05-02,8,338,0,0
2022-05-03,8,472,0,0
2022-05-04,8,565,1,0
2022-05-05,8,413,0,0
2022-05-06,8,469,0,0
2022-05-07,8,613,0,0
2022-05-08,8,961,1,0
2022-05-09,8,350,0,0
2022-05-10,8,487,0,0
2022-05-11,8,657,1,0
2022-05-12,8,476,0,0
2022-05-13,8,447,0,0
2022-05-14,8,649,0,0
2022-05-15,8,610,0,0
2022-05-16,8,356,0,0
2022-05-17,8,478,0,0
2022-05-18,8,447,0,0
2022-05-19,8,475,0,0
2022-05-20,8,468,0,0
2022-05-21,8,561,0,0
2022-05-22,8,935,1,0
2022-05-23,8,439,1,0
2022-05-24,8,452,0,0
2022-05-25,8,481,0,0
2022-05-26,8,446,0,0
2022-05-27,8,485,0,0
2022-05-28,8,567,0,0
2022-05-29,8,697,0,0
2022-05-30,8,379,0,0
2022-05-31,8,658,1,0
2022-06-01,8,419,0,0
2022-06-02,8,426,0,0
2022-06-03,8,487,0,0
2022-06-04,8,583,0,0
2022-06-05,8,681,0,0
2022-06-06,8,293,0,0
2022-06-07,8,424,0,0
2022-06-08,8,513,0,0
2022-06-09,8,449,0,0
2022-06-10,8,614,1,0
2022-06-11,8,561,0,0
2022-06-12,8,672,0,0
2022-06-13,8,526,1,0
2022-06-14,8,429,0,0
2022-06-15,8,620,1,0
2022-06-16,8,434,0,0
2022-06-17,8,523,0,0
2022-06-18,8,838,1,0
2022-06-19,8,605,0,0
2022-06-20,8,505,1,0
2022-06-21,8,393,0,0
2022-06-22,8,499,0,0
2022-06-23,8,429,0,0
2022-06-24,8,461,0,0
2022-06-25,8,560,0,0
2022-06-26,8,645,0,0
2022-06-27,8,412,0,0
2022-06-28,8,391,0,0
2022-06-29,8,477,0,0
2022-06-30,8,593,1,0
2022-07-01,8,612,0,1
2022-07-02,8,968,1,0
2022-07-03,8,804,0,0
2022-07-04,8,448,0,1
2022-07-05,8,606,0,1
2022-07-06,8,594,0,1
2022-07-07,8,548,0,1
2022-07-08,8,551,0,1
2022-07-09,8,824,0,0
2022-07-10,8,703,0,0
2022-07-11,8,442,0,1
2022-07-12,8,534,0,1
2022-07-13,8,681,1,1
2022-07-14,8,564,0,1
2022-07-15,8,590,0,1
2022-07-16,8,749,0,0
2022-07-17,8,814,0,0
2022-07-18,8,463,0,1
2022-07-19,8,587,0,1
2022-07-20,8,588,0,1
2022-07-21,8,612,0,1
2022-07-22,8,777,1,1
2022-07-23,8,839,0,0
2022-07-24,8,667,0,0
2022-07-25,8,497,0,1
2022-07-26,8,483,0,1
2022-07-27,8,643,0,1
2022-07-28,8,713,1,1
2022-07-29,8,564,0,1
2022-07-30,8,996,1,0
2022-07-31,8,1160,1,0
2022-08-01,8,449,0,1
2022-08-02,8,554,0,1
2022-08-03,8,584,0,1
2022-08-04,8,581,0,1
2022-08-05,8,538,0,1
2022-08-06,8,800,0,0
2022-08-07,8,800,0,0
2022-08-08,8,400,0,1
2022-08-09,8,556,0,1
2022-08-10,8,627,0,1
2022-08-11,8,591,0,1
2022-08-12,8,529,0,1
2022-08-13,8,819,0,0
2022-08-14,8,839,0,0
2022-08-15,8,514,0,1
2022-08-16,8,580,0,1
2022-08-17,8,820,1,1
2022-08-18,8,830,1,1
2022-08-19,8,534,0,1
2022-08-20,8,638,0,0
2022-08-21,8,995,1,0
2022-08-22,8,549,1,1
2022-08-23,8,590,0,1
2022-08-24,8,702,1,1
2022-08-25,8,716,1,1
2022-08-26,8,806,1,1
2022-08-27,8,773,0,0
2022-08-28,8,841,0,0
2022-08-29,8,487,0,1
2022-08-30,8,705,1,1
2022-08-31,8,562,0,1
2022-09-01,8,689,1,0
2022-09-02,8,642,1,0
2022-09-03,8,761,0,0
2022-09-04,8,703,0,0
2022-09-05,8,487,1,0
2022-09-06,8,513,0,0
2022-09-07,8,507,0,0
2022-09-08,8,469,0,0
2022-09-09,8,512,0,0
2022-09-10,8,960,1,0
2022-09-11,8,688,0,0
2022-09-12,8,394,0,0
2022-09-13,8,492,0,0
2022-09-14,8,503,0,0
2022-09-15,8,487,0,0
2022-09-16,8,444,0,0
2022-09-17,8,890,1,0
2022-09-18,8,843,1,0
2022-09-19,8,400,0,0
2022-09-20,8,488,0,0
2022-09-21,8,517,0,0
2022-09-22,8,431,0,0
2022-09-23,8,522,0,0
2022-09-24,8,551,0,0
2022-09-25,8,616,0,0
2022-09-26,8,349,0,0
2022-09-27,8,484,0,0
2022-09-28,8,456,0,0
2022-09-29,8,646,1,0
2022-09-30,8,436,0,0
2022-10-01,8,680,0,0
2022-10-02,8,622,0,0
2022-10-03,8,390,0,0
2022-10-04,8,478,0,0
2022-10-05,8,430,0,0
2022-10-06,8,415,0,0
2022-10-07,8,483,0,0
2022-10-08,8,681,0,0
2022-10-09,8,935,1,0
2022-10-10,8,450,1,0
2022-10-11,8,528,0,0
2022-10-12,8,478,0,0
2022-10-13,8,485,0,0
2022-10-14,8,404,0,0
2022-10-15,8,591,0,0
2022-10-16,8,700,0,0
2022-10-17,8,532,1,0
2022-10-18,8,468,0,0
2022-10-19,8,508,0,0
2022-10-20,8,468,0,0
2022-10-21,8,475,0,0
2022-10-22,8,731,0,0
2022-10-23,8,593,0,0
2022-10-24,8,379,0,0
2022-10-25,8,515,0,0
2022-10-26,8,546,0,0
2022-10-27,8,460,0,0
2022-10-28,8,507,0,0
2022-10-29,8,733,0,0
2022-10-30,8,959,1,0
2022-10-31,8,417,0,0
2022-11-01,8,579,1,0
2022-11-02,8,494,0,0
2022-11-03,8,473,0,0
2022-11-04,8,498,0,0
2022-11-05,8,717,0,0
2022-11-06,8,655,0,0
2022-11-07,8,365,0,0
2022-11-08,8,447,0,0
2022-11-09,8,457,0,0
2022-11-10,8,677,1,0
2022-11-11,8,439,0,0
2022-11-12,8,714,0,0
2022-11-13,8,758,0,0
2022-11-14,8,536,1,0
2022-11-15,8,521,0,0
2022-11-16,8,478,0,0
2022-11-17,8,691,1,0
2022-11-18,8,413,0,0
2022-11-19,8,640,0,0
2022-11-20,8,727,0,0
2022-11-21,8,442,0,0
2022-11-22,8,511,0,0
2022-11-23,8,448,0,0
2022-11-24,8,540,0,0
2022-11-25,8,640,1,0
2022-11-26,8,694,0,0
2022-11-27,8,717,0,0
2022-11-28,8,409,0,0
2022-11-29,8,544,0,0
2022-11-30,8,507,0,0
2022-12-01,8,671,0,0
2022-12-02,8,791,0,0
2022-12-03,8,1089,0,0
2022-12-04,8,883,0,0
2022-12-05,8,570,0,0
2022-12-06,8,697,0,0
2022-12-07,8,670,0,0
2022-12-08,8,739,0,0
2022-12-09,8,741,0,0
2022-12-10,8,981,0,0
2022-12-11,8,1496,1,0
2022-12-12,8,549,0,0
2022-12-13,8,702,0,0
2022-12-14,8,968,1,0
2022-12-15,8,768,0,0
2022-12-16,8,798,0,0
2022-12-17,8,942,0,0
2022-12-18,8,1058,0,0
2022-12-19,8,618,0,0
2022-12-20,8,793,0,0
2022-12-21,8,711,0,0
2022-12-22,8,725,0,0
2022-12-23,8,958,1,0
2022-12-24,8,1008,0,0
2022-12-25,8,1319,1,0
2022-12-26,8,796,1,0
2022-12-27,8,822,1,0
2022-12-28,8,686,0,0
2022-12-29,8,953,1,0
2022-12-30,8,1005,1,0
2022-12-31,8,1089,0,0
2023-01-01,8,758,0,0
2023-01-02,8,385,0,0
2023-01-03,8,530,0,0
2023-01-04,8,484,0,0
2023-01-05,8,559,0,0
2023-01-06,8,486,0,0
2023-01-07,8,749,0,0
2023-01-08,8,892,1,0
2023-01-09,8,373,0,0
2023-01-10,8,621,1,0
2023-01-11,8,457,0,0
2023-01-12,8,533,0,0
2023-01-13,8,518,0,0
2023-01-14,8,579,0,0
2023-01-15,8,840,1,0
2023-01-16,8,510,1,0
2023-01-17,8,442,0,0
2023-01-18,8,546,0,0
2023-01-19,8,657,1,0
2023-01-20,8,509,0,0
2023-01-21,8,976,1,0
2023-01-22,8,863,1,0
2023-01-23,8,493,1,0
2023-01-24,8,612,1,0
2023-01-25,8,507,0,0
2023-01-26,8,436,0,0
2023-01-27,8,545,0,0
2023-01-28,8,627,0,0
2023-01-29,8,840,1,0
2023-01-30,8,423,0,0
2023-01-31,8,741,1,0
2023-02-01,8,563,0,0
2023-02-02,8,532,0,0
2023-02-03,8,405,0,0
2023-02-04,8,982,1,0
2023-02-05,8,651,0,0
2023-02-06,8,556,1,0
2023-02-07,8,455,0,0
2023-02-08,8,490,0,0
2023-02-09,8,537,0,0
2023-02-10,8,476,0,0
2023-02-11,8,956,1,0
2023-02-12,8,696,0,0
2023-02-13,8,382,0,0
2023-02-14,8,534,0,0
2023-02-15,8,493,0,0
2023-02-16,8,676,1,0
2023-02-17,8,499,0,0
2023-02-18,8,723,0,0
2023-02-19,8,637,0,0
2023-02-20,8,419,0,0
2023-02-21,8,439,0,0
2023-02-22,8,439,0,0
2023-02-23,8,712,1,0
2023-02-24,8,531,0,0
2023-02-25,8,642,0,0
2023-02-26,8,1106,1,0
2023-02-27,8,424,0,0
2023-02-28,8,459,0,0
2023-03-01,8,444,0,0
2023-03-02,8,488,0,0
2023-03-03,8,575,0,0
2023-03-04,8,736,0,0
2023-03-05,8,900,1,0
2023-03-06,8,378,0,0
2023-03-07,8,455,0,0
2023-03-08,8,673,1,0
2023-03-09,8,485,0,0
2023-03-10,8,622,1,0
2023-03-11,8,683,0,0
2023-03-12,8,652,0,0
2023-03-13,8,392,0,0
2023-03-14,8,546,0,0
2023-03-15,8,764,1,0
2023-03-16,8,576,0,0
2023-03-17,8,425,0,0
2023-03-18,8,1050,1,0
2023-03-19,8,964,1,0
2023-03-20,8,452,0,0
2023-03-21,8,542,0,0
2023-03-22,8,471,0,0
2023-03-23,8,677,1,0
2023-03-24,8,453,0,0
2023-03-25,8,723,0,0
2023-03-26,8,657,0,0
2023-03-27,8,456,0,0
2023-03-28,8,608,1,0
2023-03-29,8,467,0,0
2023-03-30,8,505,0,0
2023-03-31,8,539,0,0
2023-04-01,8,942,1,0
2023-04-02,8,1059,1,0
2023-04-03,8,375,0,0
2023-04-04,8,480,0,0
2023-04-05,8,494,0,0
2023-04-06,8,499,0,0
2023-04-07,8,691,1,0
2023-04-08,8,709,0,0
2023-04-09,8,626,0,0
2023-04-10,8,395,0,0
2023-04-11,8,443,0,0
2023-04-12,8,453,0,0
2023-04-13,8,682,1,0
2023-04-14,8,539,0,0
2023-04-15,8,1007,1,0
2023-04-16,8,618,0,0
2023-04-17,8,438,0,0
2023-04-18,8,550,0,0
2023-04-19,8,496,0,0
2023-04-20,8,682,1,0
2023-04-21,8,552,0,0
2023-04-22,8,803,0,0
2023-04-23,8,1019,1,0
2023-04-24,8,509,1,0
2023-04-25,8,518,0,0
2023-04-26,8,519,0,0
2023-04-27,8,710,1,0
2023-04-28,8,457,0,0
2023-04-29,8,709,0,0
2023-04-30,8,666,0,0
2023-05-01,8,421,0,0
2023-05-02,8,461,0,0
2023-05-03,8,501,0,0
2023-05-04,8,480,0,0
2023-05-05,8,703,1,0
2023-05-06,8,1003,1,0
2023-05-07,8,661,0,0
2023-05-08,8,392,0,0
2023-05-09,8,492,0,0
2023-05-10,8,534,0,0
2023-05-11,8,730,1,0
2023-05-12,8,470,0,0
2023-05-13,8,641,0,0
2023-05-14,8,632,0,0
2023-05-15,8,443,0,0
2023-05-16,8,730,1,0
2023-05-17,8,511,0,0
2023-05-18,8,565,0,0
2023-05-19,8,489,0,0
2023-05-20,8,700,0,0
2023-05-21,8,755,0,0
2023-05-22,8,374,0,0
2023-05-23,8,592,0,0
2023-05-24,8,658,1,0
2023-05-25,8,522,0,0
2023-05-26,8,711,1,0
2023-05-27,8,726,0,0
2023-05-28,8,657,0,0
2023-05-29,8,442,0,0
2023-05-30,8,563,0,0
2023-05-31,8,685,1,0
2023-06-01,8,686,1,0
2023-06-02,8,568,0,0
2023-06-03,8,838,1,0
2023-06-04,8,711,0,0
2023-06-05,8,373,0,0
2023-06-06,8,562,0,0
2023-06-07,8,728,1,0
2023-06-08,8,538,0,0
2023-06-09,8,721,1,0
2023-06-10,8,1078,1,0
2023-06-11,8,709,0,0
2023-06-12,8,429,0,0
2023-06-13,8,604,0,0
2023-06-14,8,736,1,0
2023-06-15,8,687,1,0
2023-06-16,8,706,1,0
2023-06-17,8,695,0,0
2023-06-18,8,746,0,0
2023-06-19,8,560,1,0
2023-06-20,8,711,1,0
2023-06-21,8,545,0,0
2023-06-22,8,573,0,0
2023-06-23,8,526,0,0
2023-06-24,8,687,0,0
2023-06-25,8,761,0,0
2023-06-26,8,343,0,0
2023-06-27,8,393,0,0
2023-06-28,8,566,0,0
2023-06-29,8,628,1,0
2023-06-30,8,480,0,0
2023-07-01,8,833,0,0
2023-07-02,8,927,0,0
2023-07-03,8,432,0,1
2023-07-04,8,758,1,1
2023-07-05,8,921,1,1
2023-07-06,8,610,0,1
2023-07-07,8,855,1,1
2023-07-08,8,991,0,0
2023-07-09,8,857,0,0
2023-07-10,8,488,0,1
2023-07-11,8,857,1,1
2023-07-12,8,903,1,1
2023-07-13,8,613,0,1
2023-07-14,8,668,0,1
2023-07-15,8,1178,1,0
2023-07-16,8,698,0,0
2023-07-17,8,453,0,1
2023-07-18,8,808,1,1
2023-07-19,8,531,0,1
2023-07-20,8,644,0,1
2023-07-21,8,792,1,1
2023-07-22,8,821,0,0
2023-07-23,8,841,0,0
2023-07-24,8,436,0,1
2023-07-25,8,876,1,1
2023-07-26,8,684,0,1
2023-07-27,8,637,0,1
2023-07-28,8,915,1,1
2023-07-29,8,746,0,0
2023-07-30,8,919,0,0
2023-07-31,8,523,0,1
2023-08-01,8,880,1,1
2023-08-02,8,648,0,1
2023-08-03,8,639,0,1
2023-08-04,8,722,0,1
2023-08-05,8,1047,1,0
2023-08-06,8,993,0,0
2023-08-07,8,712,1,1
2023-08-08,8,843,1,1
2023-08-09,8,871,1,1
2023-08-10,8,546,0,1
2023-08-11,8,810,1,1
2023-08-12,8,1222,1,0
2023-08-13,8,1291,1,0
2023-08-14,8,499,0,1
2023-08-15,8,586,0,1
2023-08-16,8,609,0,1
2023-08-17,8,603,0,1
2023-08-18,8,815,1,1
2023-08-19,8,1020,1,0
2023-08-20,8,981,0,0
2023-08-21,8,722,1,1
2023-08-22,8,900,1,1
2023-08-23,8,641,0,1
2023-08-24,8,632,0,1
2023-08-25,8,915,1,1
2023-08-26,8,917,0,0
2023-08-27,8,868,0,0
2023-08-28,8,783,1,1
2023-08-29,8,904,1,1
2023-08-30,8,851,1,1
2023-08-31,8,628,0,1
2023-09-01,8,583,1,0
2023-09-02,8,916,1,0
2023-09-03,8,636,0,0
2023-09-04,8,401,0,0
2023-09-05,8,542,0,0
2023-09-06,8,496,0,0
2023-09-07,8,507,0,0
2023-09-08,8,522,0,0
2023-09-09,8,836,0,0
2023-09-10,8,661,0,0
2023-09-11,8,525,1,0
2023-09-12,8,580,0,0
2023-09-13,8,692,1,0
2023-09-14,8,500,0,0
2023-09-15,8,447,0,0
2023-09-16,8,758,0,0
2023-09-17,8,679,0,0
2023-09-18,8,426,0,0
2023-09-19,8,560,0,0
2023-09-20,8,525,0,0
2023-09-21,8,580,0,0
2023-09-22,8,696,1,0
2023-09-23,8,723,0,0
2023-09-24,8,640,0,0
2023-09-25,8,630,1,0
2023-09-26,8,569,0,0
2023-09-27,8,525,0,0
2023-09-28,8,789,1,0
2023-09-29,8,535,0,0
2023-09-30,8,710,0,0
2023-10-01,8,814,0,0
2023-10-02,8,395,0,0
2023-10-03,8,471,0,0
2023-10-04,8,813,1,0
2023-10-05,8,487,0,0
2023-10-06,8,753,1,0
2023-10-07,8,852,0,0
2023-10-08,8,706,0,0
2023-10-09,8,419,0,0
2023-10-10,8,751,1,0
2023-10-11,8,554,0,0
2023-10-12,8,598,0,0
2023-10-13,8,651,1,0
2023-10-14,8,1069,1,0
2023-10-15,8,715,0,0
2023-10-16,8,626,1,0
2023-10-17,8,545,0,0
2023-10-18,8,490,0,0
2023-10-19,8,537,0,0
2023-10-20,8,467,0,0
2023-10-21,8,790,0,0
2023-10-22,8,676,0,0
2023-10-23,8,435,0,0
2023-10-24,8,566,0,0
2023-10-25,8,524,0,0
2023-10-26,8,535,0,0
2023-10-27,8,569,0,0
2023-10-28,8,766,0,0
2023-10-29,8,730,0,0
2023-10-30,8,397,0,0
2023-10-31,8,785,1,0
2023-11-01,8,535,0,0
2023-11-02,8,502,0,0
2023-11-03,8,635,1,0
2023-11-04,8,751,0,0
2023-11-05,8,734,0,0
2023-11-06,8,398,0,0
2023-11-07,8,549,0,0
2023-11-08,8,673,1,0
2023-11-09,8,594,0,0
2023-11-10,8,514,0,0
2023-11-11,8,659,0,0
2023-11-12,8,757,0,0
2023-11-13,8,617,1,0
2023-11-14,8,488,0,0
2023-11-15,8,560,0,0
2023-11-16,8,566,0,0
2023-11-17,8,538,0,0
2023-11-18,8,842,0,0
2023-11-19,8,701,0,0
2023-11-20,8,530,1,0
2023-11-21,8,511,0,0
2023-11-22,8,520,0,0
2023-11-23,8,518,0,0
2023-11-24,8,498,0,0
2023-11-25,8,722,0,0
2023-11-26,8,1009,1,0
2023-11-27,8,609,1,0
2023-11-28,8,544,0,0
2023-11-29,8,763,1,0
2023-11-30,8,687,1,0
2023-12-01,8,799,0,0
2023-12-02,8,1092,0,0
2023-12-03,8,1011,0,0
2023-12-04,8,541,0,0
2023-12-05,8,761,0,0
2023-12-06,8,839,0,0
2023-12-07,8,816,0,0
2023-12-08,8,806,0,0
2023-12-09,8,1665,1,0
2023-12-10,8,1054,0,0
2023-12-11,8,889,1,0
2023-12-12,8,1054,1,0
2023-12-13,8,826,0,0
2023-12-14,8,861,0,0
2023-12-15,8,726,0,0
2023-12-16,8,1183,0,0
2023-12-17,8,1149,0,0
2023-12-18,8,618,0,0
2023-12-19,8,674,0,0
2023-12-20,8,808,0,0
2023-12-21,8,959,0,0
2023-12-22,8,709,0,0
2023-12-23,8,1013,0,0
2023-12-24,8,1152,0,0
2023-12-25,8,782,1,0
2023-12-26,8,853,0,0
2023-12-27,8,819,0,0
2023-12-28,8,1003,1,0
2023-12-29,8,757,0,0
2023-12-30,8,1000,0,0
2023-12-31,8,1220,0,0
2024-01-01,8,465,0,0
2024-01-02,8,589,0,0
2024-01-03,8,514,0,0
2024-01-04,8,677,1,0
2024-01-05,8,542,0,0
2024-01-06,8,806,0,0
2024-01-07,8,702,0,0
2024-01-08,8,396,0,0
2024-01-09,8,570,0,0
2024-01-10,8,487,0,0
2024-01-11,8,551,0,0
2024-01-12,8,714,1,0
2024-01-13,8,718,0,0
2024-01-14,8,1009,1,0
2024-01-15,8,425,0,0
2024-01-16,8,556,0,0
2024-01-17,8,559,0,0
2024-01-18,8,443,0,0
2024-01-19,8,597,0,0
2024-01-20,8,769,0,0
2024-01-21,8,1077,1,0
2024-01-22,8,453,0,0
2024-01-23,8,594,0,0
2024-01-24,8,790,1,0
2024-01-25,8,583,0,0
2024-01-26,8,666,1,0
2024-01-27,8,789,0,0
2024-01-28,8,641,0,0
2024-01-29,8,465,0,0
2024-01-30,8,527,0,0
2024-01-31,8,542,0,0
2024-02-01,8,749,1,0
2024-02-02,8,577,0,0
2024-02-03,8,841,0,0
2024-02-04,8,842,0,0
2024-02-05,8,384,0,0
2024-02-06,8,545,0,0
2024-02-07,8,489,0,0
2024-02-08,8,510,0,0
2024-02-09,8,604,0,0
2024-02-10,8,865,0,0
2024-02-11,8,792,0,0
2024-02-12,8,443,0,0
2024-02-13,8,567,0,0
2024-02-14,8,600,0,0
2024-02-15,8,566,0,0
2024-02-16,8,495,0,0
2024-02-17,8,757,0,0
2024-02-18,8,1012,1,0
2024-02-19,8,544,1,0
2024-02-20,8,580,0,0
2024-02-21,8,811,1,0
2024-02-22,8,523,0,0
2024-02-23,8,486,0,0
2024-02-24,8,986,1,0
2024-02-25,8,771,0,0
2024-02-26,8,441,0,0
2024-02-27,8,566,0,0
2024-02-28,8,575,0,0
2024-02-29,8,603,0,0
2024-03-01,8,794,1,0
2024-03-02,8,1108,1,0
2024-03-03,8,1036,1,0
2024-03-04,8,396,0,0
2024-03-05,8,569,0,0
2024-03-06,8,576,0,0
2024-03-07,8,793,1,0
2024-03-08,8,509,0,0
2024-03-09,8,842,0,0
2024-03-10,8,790,0,0
2024-03-11,8,400,0,0
2024-03-12,8,650,1,0
2024-03-13,8,549,0,0
2024-03-14,8,752,1,0
2024-03-15,8,515,0,0
2024-03-16,8,775,0,0
2024-03-17,8,787,0,0
2024-03-18,8,644,1,0
2024-03-19,8,551,0,0
2024-03-20,8,572,0,0
2024-03-21,8,604,0,0
2024-03-22,8,548,0,0
2024-03-23,8,991,1,0
2024-03-24,8,806,0,0
2024-03-25,8,503,0,0
2024-03-26,8,793,1,0
2024-03-27,8,604,0,0
2024-03-28,8,722,1,0
2024-03-29,8,538,0,0
2024-03-30,8,815,0,0
2024-03-31,8,801,0,0
2024-04-01,8,466,0,0
2024-04-02,8,572,0,0
2024-04-03,8,547,0,0
2024-04-04,8,740,1,0
2024-04-05,8,551,0,0
2024-04-06,8,834,0,0
2024-04-07,8,838,0,0
2024-04-08,8,518,1,0
2024-04-09,8,581,0,0
2024-04-10,8,601,0,0
2024-04-11,8,755,1,0
2024-04-12,8,436,0,0
2024-04-13,8,790,0,0
2024-04-14,8,1015,1,0
2024-04-15,8,453,0,0
2024-04-16,8,829,1,0
2024-04-17,8,775,1,0
2024-04-18,8,617,0,0
2024-04-19,8,519,0,0
2024-04-20,8,836,0,0
2024-04-21,8,822,0,0
2024-04-22,8,446,0,0
2024-04-23,8,472,0,0
2024-04-24,8,556,0,0
2024-04-25,8,525,0,0
2024-04-26,8,481,0,0
2024-04-27,8,1000,1,0
2024-04-28,8,810,0,0
2024-04-29,8,452,0,0
2024-04-30,8,750,1,0
2024-05-01,8,508,0,0
2024-05-02,8,465,0,0
2024-05-03,8,517,0,0
2024-05-04,8,1031,1,0
2024-05-05,8,742,0,0
2024-05-06,8,434,0,0
2024-05-07,8,623,0,0
2024-05-08,8,559,0,0
2024-05-09,8,603,0,0
2024-05-10,8,526,0,0
2024-05-11,8,734,0,0
2024-05-12,8,937,1,0
2024-05-13,8,450,0,0
2024-05-14,8,513,0,0
2024-05-15,8,649,0,0
2024-05-16,8,550,0,0
2024-05-17,8,553,0,0
2024-05-18,8,765,0,0
2024-05-19,8,1000,1,0
2024-05-20,8,484,0,0
2024-05-21,8,574,0,0
2024-05-22,8,660,1,0
2024-05-23,8,487,0,0
2024-05-24,8,502,0,0
2024-05-25,8,712,0,0
2024-05-26,8,760,0,0
2024-05-27,8,479,0,0
2024-05-28,8,562,0,0
2024-05-29,8,500,0,0
2024-05-30,8,704,1,0
2024-05-31,8,486,0,0
2024-06-01,8,1046,1,0
2024-06-02,8,835,0,0
2024-06-03,8,520,0,0
2024-06-04,8,517,0,0
2024-06-05,8,578,0,0
2024-06-06,8,639,0,0
2024-06-07,8,861,1,0
2024-06-08,8,839,0,0
2024-06-09,8,1123,1,0
2024-06-10,8,460,0,0
2024-06-11,8,622,0,0
2024-06-12,8,527,0,0
2024-06-13,8,581,0,0
2024-06-14,8,553,0,0
2024-06-15,8,1010,1,0
2024-06-16,8,965,1,0
2024-06-17,8,344,0,0
2024-06-18,8,880,1,0
2024-06-19,8,521,0,0
2024-06-20,8,570,0,0
2024-06-21,8,788,1,0
2024-06-22,8,710,0,0
2024-06-23,8,1112,1,0
2024-06-24,8,503,0,0
2024-06-25,8,806,1,0
2024-06-26,8,559,0,0
2024-06-27,8,568,0,0
2024-06-28,8,557,0,0
2024-06-29,8,755,0,0
2024-06-30,8,980,1,0
2024-07-01,8,524,0,1
2024-07-02,8,690,0,1
2024-07-03,8,760,0,1
2024-07-04,8,664,0,1
2024-07-05,8,666,0,1
2024-07-06,8,904,0,0
2024-07-07,8,1076,0,0
2024-07-08,8,540,0,1
2024-07-09,8,719,0,1
2024-07-10,8,955,1,1
2024-07-11,8,723,0,1
2024-07-12,8,724,0,1
2024-07-13,8,936,0,0
2024-07-14,8,914,0,0
2024-07-15,8,831,1,1
2024-07-16,8,652,0,1
2024-07-17,8,684,0,1
2024-07-18,8,643,0,1
2024-07-19,8,976,1,1
2024-07-20,8,932,0,0
2024-07-21,8,909,0,0
2024-07-22,8,550,0,1
2024-07-23,8,755,0,1
2024-07-24,8,642,0,1
2024-07-25,8,731,0,1
2024-07-26,8,872,1,1
2024-07-27,8,1102,1,0
2024-07-28,8,1311,1,0
2024-07-29,8,507,0,1
2024-07-30,8,650,0,1
2024-07-31,8,628,0,1
2024-08-01,8,781,0,1
2024-08-02,8,731,1,1
2024-08-03,8,973,0,0
2024-08-04,8,936,0,0
2024-08-05,8,502,0,1
2024-08-06,8,688,0,1
2024-08-07,8,737,0,1
2024-08-08,8,700,0,1
2024-08-09,8,749,0,1
2024-08-10,8,1107,0,0
2024-08-11,8,944,0,0
2024-08-12,8,524,0,1
2024-08-13,8,1064,1,1
2024-08-14,8,959,1,1
2024-08-15,8,683,0,1
2024-08-16,8,761,0,1
2024-08-17,8,833,0,0
2024-08-18,8,956,0,0
2024-08-19,8,737,1,1
2024-08-20,8,1013,1,1
2024-08-21,8,754,0,1
2024-08-22,8,782,0,1
2024-08-23,8,651,0,1
2024-08-24,8,1014,0,0
2024-08-25,8,1150,1,0
2024-08-26,8,412,0,1
2024-08-27,8,699,0,1
2024-08-28,8,882,1,1
2024-08-29,8,678,0,1
2024-08-30,8,775,0,1
2024-08-31,8,911,0,0
2024-09-01,8,731,0,0
2024-09-02,8,489,0,0
2024-09-03,8,479,0,0
2024-09-04,8,554,0,0
2024-09-05,8,655,1,0
2024-09-06,8,514,0,0
2024-09-07,8,679,0,0
2024-09-08,8,842,0,0
2024-09-09,8,466,0,0
2024-09-10,8,508,0,0
2024-09-11,8,498,0,0
2024-09-12,8,554,0,0
2024-09-13,8,574,0,0
2024-09-14,8,940,0,0
2024-09-15,8,674,0,0
2024-09-16,8,416,0,0
2024-09-17,8,626,0,0
2024-09-18,8,622,0,0
2024-09-19,8,605,0,0
2024-09-20,8,473,0,0
2024-09-21,8,1142,1,0
2024-09-22,8,826,0,0
2024-09-23,8,640,1,0
2024-09-24,8,581,0,0
2024-09-25,8,589,0,0
2024-09-26,8,578,0,0
2024-09-27,8,677,0,0
2024-09-28,8,828,0,0
2024-09-29,8,743,0,0
2024-09-30,8,417,0,0
2024-10-01,8,588,0,0
2024-10-02,8,561,0,0
2024-10-03,8,630,1,0
2024-10-04,8,598,0,0
2024-10-05,8,759,0,0
2024-10-06,8,824,0,0
2024-10-07,8,464,0,0
2024-10-08,8,562,0,0
2024-10-09,8,536,0,0
2024-10-10,8,590,0,0
2024-10-11,8,585,0,0
2024-10-12,8,1040,1,0
2024-10-13,8,836,0,0
2024-10-14,8,451,0,0
2024-10-15,8,780,1,0
2024-10-16,8,543,0,0
2024-10-17,8,607,0,0
2024-10-18,8,640,0,0
2024-10-19,8,720,0,0
2024-10-20,8,1092,1,0
2024-10-21,8,644,1,0
2024-10-22,8,495,0,0
2024-10-23,8,771,1,0
2024-10-24,8,821,1,0
2024-10-25,8,610,0,0
2024-10-26,8,803,0,0
2024-10-27,8,736,0,0
2024-10-28,8,496,0,0
2024-10-29,8,844,1,0
2024-10-30,8,605,0,0
2024-10-31,8,583,0,0
2024-11-01,8,523,0,0
2024-11-02,8,910,0,0
2024-11-03,8,1132,1,0
2024-11-04,8,433,0,0
2024-11-05,8,508,0,0
2024-11-06,8,500,0,0
2024-11-07,8,801,1,0
2024-11-08,8,628,0,0
2024-11-09,8,1182,1,0
2024-11-10,8,761,0,0
2024-11-11,8,517,0,0
2024-11-12,8,652,0,0
2024-11-13,8,624,0,0
2024-11-14,8,508,0,0
2024-11-15,8,562,0,0
2024-11-16,8,810,0,0
2024-11-17,8,667,0,0
2024-11-18,8,670,1,0
2024-11-19,8,626,0,0
2024-11-20,8,601,0,0
2024-11-21,8,585,0,0
2024-11-22,8,576,0,0
2024-11-23,8,830,0,0
2024-11-24,8,762,0,0
2024-11-25,8,502,0,0
2024-11-26,8,723,1,0
2024-11-27,8,553,0,0
2024-11-28,8,499,0,0
2024-11-29,8,553,0,0
2024-11-30,8,1121,1,0
2024-12-01,8,1376,0,0
2024-12-02,8,663,0,0
2024-12-03,8,1164,1,0
2024-12-04,8,909,0,0
2024-12-05,8,1157,1,0
2024-12-06,8,951,0,0
2024-12-07,8,1050,0,0
2024-12-08,8,1286,0,0
2024-12-09,8,710,0,0
2024-12-10,8,1112,1,0
2024-12-11,8,936,0,0
2024-12-12,8,1268,1,0
2024-12-13,8,1097,1,0
2024-12-14,8,1269,0,0
2024-12-15,8,1673,1,0
2024-12-16,8,605,0,0
2024-12-17,8,902,0,0
2024-12-18,8,996,0,0
2024-12-19,8,934,1,0
2024-12-20,8,813,0,0
2024-12-21,8,1705,1,0
2024-12-22,8,1639,1,0
2024-12-23,8,762,0,0
2024-12-24,8,926,0,0
2024-12-25,8,1100,1,0
2024-12-26,8,899,0,0
2024-12-27,8,857,0,0
2024-12-28,8,1131,0,0
2024-12-29,8,1829,1,0
2024-12-30,8,728,0,0
2024-12-31,8,1243,1,0
2022-01-01,9,641,0,0
2022-01-02,9,647,0,0
2022-01-03,9,555,1,0
2022-01-04,9,466,0,0
2022-01-05,9,464,0,0
2022-01-06,9,681,1,0
2022-01-07,9,474,0,0
2022-01-08,9,933,1,0
2022-01-09,9,709,0,0
2022-01-10,9,508,1,0
2022-01-11,9,451,0,0
2022-01-12,9,402,0,0
2022-01-13,9,452,0,0
2022-01-14,9,431,0,0
2022-01-15,9,679,0,0
2022-01-16,9,626,0,0
2022-01-17,9,343,0,0
2022-01-18,9,571,1,0
2022-01-19,9,475,0,0
2022-01-20,9,486,0,0
2022-01-21,9,429,0,0
2022-01-22,9,598,0,0
2022-01-23,9,606,0,0
2022-01-24,9,368,0,0
2022-01-25,9,480,0,0
2022-01-26,9,462,0,0
2022-01-27,9,447,0,0
2022-01-28,9,630,1,0
2022-01-29,9,683,0,0
2022-01-30,9,650,0,0
2022-01-31,9,404,0,0
2022-02-01,9,512,0,0
2022-02-02,9,458,0,0
2022-02-03,9,505,0,0
2022-02-04,9,490,0,0
2022-02-05,9,743,0,0
2022-02-06,9,627,0,0
2022-02-07,9,437,0,0
2022-02-08,9,410,0,0
2022-02-09,9,452,0,0
2022-02-10,9,417,0,0
2022-02-11,9,544,0,0
2022-02-12,9,718,0,0
2022-02-13,9,699,0,0
2022-02-14,9,422,0,0
2022-02-15,9,460,0,0
2022-02-16,9,414,0,0
2022-02-17,9,645,1,0
2022-02-18,9,420,0,0
2022-02-19,9,674,0,0
2022-02-20,9,767,0,0
2022-02-21,9,381,0,0
2022-02-22,9,544,0,0
2022-02-23,9,431,0,0
2022-02-24,9,499,0,0
2022-02-25,9,482,0,0
2022-02-26,9,893,1,0
2022-02-27,9,652,0,0
2022-02-28,9,396,0,0
2022-03-01,9,517,0,0
2022-03-02,9,645,1,0
2022-03-03,9,527,0,0
2022-03-04,9,411,0,0
2022-03-05,9,718,0,0
2022-03-06,9,744,0,0
2022-03-07,9,475,1,0
2022-03-08,9,756,1,0
2022-03-09,9,521,0,0
2022-03-10,9,472,0,0
2022-03-11,9,465,0,0
2022-03-12,9,649,0,0
2022-03-13,9,662,0,0
2022-03-14,9,400,0,0
2022-03-15,9,456,0,0
2022-03-16,9,646,1,0
2022-03-17,9,430,0,0
2022-03-18,9,507,0,0
2022-03-19,9,681,0,0
2022-03-20,9,600,0,0
2022-03-21,9,407,0,0
2022-03-22,9,426,0,0
2022-03-23,9,505,0,0
2022-03-24,9,487,0,0
2022-03-25,9,670,1,0
2022-03-26,9,655,0,0
2022-03-27,9,785,1,0
2022-03-28,9,374,0,0
2022-03-29,9,441,0,0
2022-03-30,9,683,1,0
2022-03-31,9,664,1,0
2022-04-01,9,455,0,0
2022-04-02,9,643,0,0
2022-04-03,9,762,0,0
2022-04-04,9,424,0,0
2022-04-05,9,488,0,0
2022-04-06,9,536,0,0
2022-04-07,9,637,1,0
2022-04-08,9,388,0,0
2022-04-09,9,981,1,0
2022-04-10,9,638,0,0
2022-04-11,9,369,0,0
2022-04-12,9,459,0,0
2022-04-13,9,522,0,0
2022-04-14,9,466,0,0
2022-04-15,9,728,1,0
2022-04-16,9,893,1,0
2022-04-17,9,696,0,0
2022-04-18,9,564,1,0
2022-04-19,9,428,0,0
2022-04-20,9,469,0,0
2022-04-21,9,522,0,0
2022-04-22,9,628,1,0
2022-04-23,9,622,0,0
2022-04-24,9,844,1,0
2022-04-25,9,545,1,0
2022-04-26,9,537,0,0
2022-04-27,9,512,0,0
2022-04-28,9,462,0,0
2022-04-29,9,716,1,0
2022-04-30,9,658,0,0
2022-05-01,9,645,0,0
2022-05-02,9,532,1,0
2022-05-03,9,535,0,0
2022-05-04,9,658,1,0
2022-05-05,9,495,0,0
2022-05-06,9,451,0,0
2022-05-07,9,631,0,0
2022-05-08,9,796,1,0
2022-05-09,9,360,0,0
2022-05-10,9,452,0,0
2022-05-11,9,672,1,0
2022-05-12,9,516,0,0
2022-05-13,9,468,0,0
2022-05-14,9,808,1,0
2022-05-15,9,928,1,0
2022-05-16,9,584,1,0
2022-05-17,9,507,0,0
2022-05-18,9,457,0,0
2022-05-19,9,711,1,0
2022-05-20,9,438,0,0
2022-05-21,9,638,0,0
2022-05-22,9,762,0,0
2022-05-23,9,375,0,0
2022-05-24,9,526,0,0
2022-05-25,9,483,0,0
2022-05-26,9,508,0,0
2022-05-27,9,622,1,0
2022-05-28,9,955,1,0
2022-05-29,9,554,0,0
2022-05-30,9,530,1,0
2022-05-31,9,464,0,0
2022-06-01,9,642,1,0
2022-06-02,9,438,0,0
2022-06-03,9,511,0,0
2022-06-04,9,1013,1,0
2022-06-05,9,657,0,0
2022-06-06,9,533,1,0
2022-06-07,9,636,1,0
2022-06-08,9,639,1,0
2022-06-09,9,424,0,0
2022-06-10,9,559,1,0
2022-06-11,9,753,0,0
2022-06-12,9,796,1,0
2022-06-13,9,401,0,0
2022-06-14,9,519,0,0
2022-06-15,9,673,1,0
2022-06-16,9,481,0,0
2022-06-17,9,541,0,0
2022-06-18,9,852,1,0
2022-06-19,9,843,1,0
2022-06-20,9,390,0,0
2022-06-21,9,493,0,0
2022-06-22,9,547,0,0
2022-06-23,9,478,0,0
2022-06-24,9,576,0,0
2022-06-25,9,1041,1,0
2022-06-26,9,706,0,0
2022-06-27,9,435,0,0
2022-06-28,9,546,0,0
2022-06-29,9,435,0,0
2022-06-30,9,709,1,0
2022-07-01,9,600,0,1
2022-07-02,9,765,0,0
2022-07-03,9,820,0,0
2022-07-04,9,713,1,1
2022-07-05,9,629,0,1
2022-07-06,9,762,1,1
2022-07-07,9,674,0,1
2022-07-08,9,912,1,1
2022-07-09,9,875,0,0
2022-07-10,9,881,0,0
2022-07-11,9,533,0,1
2022-07-12,9,624,0,1
2022-07-13,9,764,1,1
2022-07-14,9,747,1,1
2022-07-15,9,696,1,1
2022-07-16,9,886,0,0
2022-07-17,9,840,0,0
2022-07-18,9,445,0,1
2022-07-19,9,649,1,1
2022-07-20,9,522,0,1
2022-07-21,9,859,1,1
2022-07-22,9,553,0,1
2022-07-23,9,770,0,0
2022-07-24,9,794,0,0
2022-07-25,9,488,0,1
2022-07-26,9,601,0,1
2022-07-27,9,609,0,1
2022-07-28,9,549,0,1
2022-07-29,9,615,0,1
2022-07-30,9,911,0,0
2022-07-31,9,659,0,0
2022-08-01,9,465,0,1
2022-08-02,9,773,1,1
2022-08-03,9,584,0,1
2022-08-04,9,551,0,1
2022-08-05,9,595,0,1
2022-08-06,9,1076,1,0
2022-08-07,9,754,0,0
2022-08-08,9,497,0,1
2022-08-09,9,891,1,1
2022-08-10,9,597,0,1
2022-08-11,9,638,0,1
2022-08-12,9,633,0,1
2022-08-13,9,1277,1,0
2022-08-14,9,1196,1,0
2022-08-15,9,483,0,1
2022-08-16,9,585,0,1
2022-08-17,9,565,0,1
2022-08-18,9,600,0,1
2022-08-19,9,646,0,1
2022-08-20,9,933,0,0
2022-08-21,9,794,0,0
2022-08-22,9,460,0,1
2022-08-23,9,887,1,1
2022-08-24,9,681,0,1
2022-08-25,9,512,0,1
2022-08-26,9,812,1,1
2022-08-27,9,889,0,0
2022-08-28,9,881,0,0
2022-08-29,9,565,1,1
2022-08-30,9,602,0,1
2022-08-31,9,586,0,1
2022-09-01,9,448,0,0
2022-09-02,9,532,0,0
2022-09-03,9,778,0,0
2022-09-04,9,956,1,0
2022-09-05,9,529,1,0
2022-09-06,9,686,1,0
2022-09-07,9,536,0,0
2022-09-08,9,422,0,0
2022-09-09,9,756,1,0
2022-09-10,9,669,0,0
2022-09-11,9,723,0,0
2022-09-12,9,405,0,0
2022-09-13,9,648,1,0
2022-09-14,9,577,0,0
2022-09-15,9,535,0,0
2022-09-16,9,551,0,0
2022-09-17,9,651,0,0
2022-09-18,9,742,0,0
2022-09-19,9,408,0,0
2022-09-20,9,681,1,0
2022-09-21,9,589,0,0
2022-09-22,9,646,1,0
2022-09-23,9,459,0,0
2022-09-24,9,690,0,0
2022-09-25,9,754,0,0
2022-09-26,9,675,1,0
2022-09-27,9,753,1,0
2022-09-28,9,483,0,0
2022-09-29,9,517,0,0
2022-09-30,9,528,0,0
2022-10-01,9,958,1,0
2022-10-02,9,964,1,0
2022-10-03,9,405,0,0
2022-10-04,9,517,0,0
2022-10-05,9,497,0,0
2022-10-06,9,545,0,0
2022-10-07,9,508,0,0
2022-10-08,9,690,0,0
2022-10-09,9,909,1,0
2022-10-10,9,401,0,0
2022-10-11,9,500,1,0
2022-10-12,9,472,0,0
2022-10-13,9,572,0,0
2022-10-14,9,735,1,0
2022-10-15,9,739,0,0
2022-10-16,9,733,0,0
2022-10-17,9,404,0,0
2022-10-18,9,673,1,0
2022-10-19,9,482,0,0
2022-10-20,9,502,0,0
2022-10-21,9,675,1,0
2022-10-22,9,767,0,0
2022-10-23,9,800,0,0
2022-10-24,9,430,0,0
2022-10-25,9,640,1,0
2022-10-26,9,443,0,0
2022-10-27,9,507,0,0
2022-10-28,9,450,0,0
2022-10-29,9,727,0,0
2022-10-30,9,1137,1,0
2022-10-31,9,385,0,0
2022-11-01,9,575,0,0
2022-11-02,9,444,0,0
2022-11-03,9,669,1,0
2022-11-04,9,470,0,0
2022-11-05,9,685,0,0
2022-11-06,9,575,0,0
2022-11-07,9,451,0,0
2022-11-08,9,645,0,0
2022-11-09,9,582,1,0
2022-11-10,9,722,1,0
2022-11-11,9,612,1,0
2022-11-12,9,672,0,0
2022-11-13,9,1038,1,0
2022-11-14,9,420,0,0
2022-11-15,9,522,0,0
2022-11-16,9,712,1,0
2022-11-17,9,777,1,0
2022-11-18,9,555,1,0
2022-11-19,9,695,0,0
2022-11-20,9,627,0,0
2022-11-21,9,395,0,0
2022-11-22,9,527,0,0
2022-11-23,9,762,1,0
2022-11-24,9,510,0,0
2022-11-25,9,715,1,0
2022-11-26,9,752,0,0
2022-11-27,9,1023,1,0
2022-11-28,9,412,0,0
2022-11-29,9,434,0,0
2022-11-30,9,490,0,0
2022-12-01,9,799,0,0
2022-12-02,9,753,0,0
2022-12-03,9,1477,1,0
2022-12-04,9,1509,1,0
2022-12-05,9,600,0,0
2022-12-06,9,697,0,0
2022-12-07,9,898,1,0
2022-12-08,9,806,0,0
2022-12-09,9,791,0,0
2022-12-10,9,1327,1,0
2022-12-11,9,1256,1,0
2022-12-12,9,683,0,0
2022-12-13,9,731,0,0
2022-12-14,9,856,0,0
2022-12-15,9,1087,1,0
2022-12-16,9,844,0,0
2022-12-17,9,1109,0,0
2022-12-18,9,1015,0,0
2022-12-19,9,959,1,0
2022-12-20,9,1016,1,0
2022-12-21,9,1117,1,0
2022-12-22,9,845,0,0
2022-12-23,9,735,0,0
2022-12-24,9,1550,1,0
2022-12-25,9,1136,0,0
2022-12-26,9,687,0,0
2022-12-27,9,868,0,0
2022-12-28,9,715,0,0
2022-12-29,9,798,0,0
2022-12-30,9,668,0,0
2022-12-31,9,1435,1,0
2023-01-01,9,1153,1,0
2023-01-02,9,384,0,0
2023-01-03,9,505,0,0
2023-01-04,9,507,0,0
2023-01-05,9,442,0,0
2023-01-06,9,836,1,0
2023-01-07,9,742,0,0
2023-01-08,9,1036,1,0
2023-01-09,9,490,1,0
2023-01-10,9,718,1,0
2023-01-11,9,522,0,0
2023-01-12,9,450,0,0
2023-01-13,9,481,0,0
2023-01-14,9,947,1,0
2023-01-15,9,993,1,0
2023-01-16,9,423,0,0
2023-01-17,9,459,0,0
2023-01-18,9,502,0,0
2023-01-19,9,711,1,0
2023-01-20,9,722,1,0
2023-01-21,9,593,0,0
2023-01-22,9,899,1,0
2023-01-23,9,450,0,0
2023-01-24,9,612,0,0
2023-01-25,9,529,0,0
2023-01-26,9,515,0,0
2023-01-27,9,525,0,0
2023-01-28,9,1017,1,0
2023-01-29,9,724,0,0
2023-01-30,9,463,0,0
2023-01-31,9,551,0,0
2023-02-01,9,720,1,0
2023-02-02,9,516,0,0
2023-02-03,9,652,1,0
2023-02-04,9,1032,1,0
2023-02-05,9,776,0,0
2023-02-06,9,400,0,0
2023-02-07,9,579,0,0
2023-02-08,9,525,0,0
2023-02-09,9,556,0,0
2023-02-10,9,733,1,0
2023-02-11,9,927,1,0
2023-02-12,9,849,0,0
2023-02-13,9,420,0,0
2023-02-14,9,510,0,0
2023-02-15,9,545,0,0
2023-02-16,9,598,0,0
2023-02-17,9,651,1,0
2023-02-18,9,782,0,0
2023-02-19,9,977,1,0
2023-02-20,9,452,0,0
2023-02-21,9,562,0,0
2023-02-22,9,467,0,0
2023-02-23,9,515,0,0
2023-02-24,9,494,0,0
2023-02-25,9,804,0,0
2023-02-26,9,1036,1,0
2023-02-27,9,625,1,0
2023-02-28,9,564,0,0
2023-03-01,9,682,1,0
2023-03-02,9,503,0,0
2023-03-03,9,733,1,0
2023-03-04,9,1181,1,0
2023-03-05,9,731,0,0
2023-03-06,9,435,0,0
2023-03-07,9,759,1,0
2023-03-08,9,529,0,0
2023-03-09,9,627,0,0
2023-03-10,9,516,0,0
2023-03-11,9,914,1,0
2023-03-12,9,1067,1,0
2023-03-13,9,396,0,0
2023-03-14,9,700,1,0
2023-03-15,9,543,0,0
2023-03-16,9,705,1,0
2023-03-17,9,538,0,0
2023-03-18,9,750,0,0
2023-03-19,9,1160,1,0
2023-03-20,9,443,0,0
2023-03-21,9,528,0,0
2023-03-22,9,509,0,0
2023-03-23,9,690,1,0
2023-03-24,9,450,0,0
2023-03-25,9,1122,1,0
2023-03-26,9,738,0,0
2023-03-27,9,447,0,0
2023-03-28,9,534,0,0
2023-03-29,9,549,0,0
2023-03-30,9,489,0,0
2023-03-31,9,771,1,0
2023-04-01,9,658,0,0
2023-04-02,9,735,0,0
2023-04-03,9,441,0,0
2023-04-04,9,555,0,0
2023-04-05,9,694,1,0
2023-04-06,9,467,0,0
2023-04-07,9,557,0,0
2023-04-08,9,720,0,0
2023-04-09,9,778,0,0
2023-04-10,9,428,0,0
2023-04-11,9,474,0,0
2023-04-12,9,766,1,0
2023-04-13,9,491,0,0
2023-04-14,9,686,1,0
2023-04-15,9,1121,1,0
2023-04-16,9,1012,1,0
2023-04-17,9,413,0,0
2023-04-18,9,639,0,0
2023-04-19,9,488,0,0
2023-04-20,9,790,1,0
2023-04-21,9,542,0,0
2023-04-22,9,642,0,0
2023-04-23,9,735,0,0
2023-04-24,9,491,0,0
2023-04-25,9,582,0,0
2023-04-26,9,493,0,0
2023-04-27,9,548,0,0
2023-04-28,9,533,0,0
2023-04-29,9,745,0,0
2023-04-30,9,720,0,0
2023-05-01,9,435,0,0
2023-05-02,9,685,1,0
2023-05-03,9,782,1,0
2023-05-04,9,532,0,0
2023-05-05,9,583,0,0
2023-05-06,9,718,0,0
2023-05-07,9,718,0,0
2023-05-08,9,578,1,0
2023-05-09,9,507,0,0
2023-05-10,9,532,0,0
2023-05-11,9,510,0,0
2023-05-12,9,554,0,0
2023-05-13,9,701,0,0
2023-05-14,9,805,0,0
2023-05-15,9,433,0,0
2023-05-16,9,527,0,0
2023-05-17,9,661,1,0
2023-05-18,9,484,0,0
2023-05-19,9,615,0,0
2023-05-20,9,785,0,0
2023-05-21,9,1055,1,0
2023-05-22,9,410,0,0
2023-05-23,9,566,0,0
2023-05-24,9,726,1,0
2023-05-25,9,527,0,0
2023-05-26,9,492,0,0
2023-05-27,9,779,0,0
2023-05-28,9,1175,1,0
2023-05-29,9,479,0,0
2023-05-30,9,580,0,0
2023-05-31,9,668,1,0
2023-06-01,9,494,0,0
2023-06-02,9,571,0,0
2023-06-03,9,767,0,0
2023-06-04,9,740,0,0
2023-06-05,9,416,0,0
2023-06-06,9,456,0,0
2023-06-07,9,767,1,0
2023-06-08,9,546,0,0
2023-06-09,9,510,0,0
2023-06-10,9,859,0,0
2023-06-11,9,697,0,0
2023-06-12,9,395,0,0
2023-06-13,9,534,0,0
2023-06-14,9,561,0,0
2023-06-15,9,600,0,0
2023-06-16,9,554,0,0
2023-06-17,9,1092,1,0
2023-06-18,9,817,0,0
2023-06-19,9,470,0,0
2023-06-20,9,554,0,0
2023-06-21,9,555,0,0
2023-06-22,9,519,0,0
2023-06-23,9,540,0,0
2023-06-24,9,737,0,0
2023-06-25,9,788,0,0
2023-06-26,9,477,0,0
2023-06-27,9,527,0,0
2023-06-28,9,777,1,0
2023-06-29,9,668,1,0
2023-06-30,9,783,1,0
2023-07-01,9,854,0,0
2023-07-02,9,1059,0,0
2023-07-03,9,550,0,1
2023-07-04,9,699,0,1
2023-07-05,9,714,0,1
2023-07-06,9,636,0,1
2023-07-07,9,653,0,1
2023-07-08,9,1019,1,0
2023-07-09,9,1192,1,0
2023-07-10,9,504,0,1
2023-07-11,9,770,1,1
2023-07-12,9,668,0,1
2023-07-13,9,660,0,1
2023-07-14,9,759,1,1
2023-07-15,9,964,0,0
2023-07-16,9,1222,1,0
2023-07-17,9,502,0,1
2023-07-18,9,670,0,1
2023-07-19,9,877,1,1
2023-07-20,9,825,0,1
2023-07-21,9,749,0,1
2023-07-22,9,996,0,0
2023-07-23,9,822,0,0
2023-07-24,9,544,0,1
2023-07-25,9,698,0,1
2023-07-26,9,997,1,1
2023-07-27,9,669,0,1
2023-07-28,9,677,0,1
2023-07-29,9,840,0,0
2023-07-30,9,831,0,0
2023-07-31,9,659,1,1
2023-08-01,9,595,0,1
2023-08-02,9,664,0,1
2023-08-03,9,702,1,1
2023-08-04,9,883,1,1
2023-08-05,9,1253,1,0
2023-08-06,9,939,0,0
2023-08-07,9,786,1,1
2023-08-08,9,1000,1,1
2023-08-09,9,998,1,1
2023-08-10,9,687,0,1
2023-08-11,9,626,0,1
2023-08-12,9,846,0,0
2023-08-13,9,1110,1,0
2023-08-14,9,549,0,1
2023-08-15,9,894,1,1
2023-08-16,9,650,0,1
2023-08-17,9,705,0,1
2023-08-18,9,662,0,1
2023-08-19,9,1083,0,0
2023-08-20,9,825,0,0
2023-08-21,9,535,0,1
2023-08-22,9,573,0,1
2023-08-23,9,701,0,1
2023-08-24,9,797,1,1
2023-08-25,9,676,0,1
2023-08-26,9,1184,1,0
2023-08-27,9,868,0,0
2023-08-28,9,502,0,1
2023-08-29,9,885,1,1
2023-08-30,9,600,0,1
2023-08-31,9,595,0,1
2023-09-01,9,579,0,0
2023-09-02,9,879,1,0
2023-09-03,9,791,0,0
2023-09-04,9,509,1,0
2023-09-05,9,558,0,0
2023-09-06,9,518,0,0
2023-09-07,9,588,0,0
2023-09-08,9,825,1,0
2023-09-09,9,758,0,0
2023-09-10,9,787,0,0
2023-09-11,9,482,0,0
2023-09-12,9,539,0,0
2023-09-13,9,586,0,0
2023-09-14,9,518,0,0
2023-09-15,9,768,1,0
2023-09-16,9,797,0,0
2023-09-17,9,793,0,0
2023-09-18,9,507,0,0
2023-09-19,9,473,0,0
2023-09-20,9,765,1,0
2023-09-21,9,763,1,0
2023-09-22,9,561,0,0
2023-09-23,9,1150,1,0
2023-09-24,9,723,0,0
2023-09-25,9,496,0,0
2023-09-26,9,566,0,0
2023-09-27,9,507,0,0
2023-09-28,9,773,1,0
2023-09-29,9,569,0,0
2023-09-30,9,691,0,0
2023-10-01,9,1049,1,0
2023-10-02,9,483,0,0
2023-10-03,9,572,0,0
2023-10-04,9,650,1,0
2023-10-05,9,553,0,0
2023-10-06,9,496,0,0
2023-10-07,9,737,0,0
2023-10-08,9,1004,0,0
2023-10-09,9,646,1,0
2023-10-10,9,545,0,0
2023-10-11,9,581,0,0
2023-10-12,9,600,0,0
2023-10-13,9,622,0,0
2023-10-14,9,857,0,0
2023-10-15,9,857,0,0
2023-10-16,9,472,0,0
2023-10-17,9,621,0,0
2023-10-18,9,523,0,0
2023-10-19,9,568,0,0
2023-10-20,9,722,1,0
2023-10-21,9,658,0,0
2023-10-22,9,789,0,0
2023-10-23,9,434,0,0
2023-10-24,9,484,0,0
2023-10-25,9,585,0,0
2023-10-26,9,775,1,0
2023-10-27,9,575,0,0
2023-10-28,9,997,1,0
2023-10-29,9,717,0,0
2023-10-30,9,648,1,0
2023-10-31,9,548,0,0
2023-11-01,9,589,0,0
2023-11-02,9,791,1,0
2023-11-03,9,546,0,0
2023-11-04,9,752,0,0
2023-11-05,9,1048,1,0
2023-11-06,9,497,0,0
2023-11-07,9,487,0,0
2023-11-08,9,570,0,0
2023-11-09,9,520,0,0
2023-11-10,9,542,0,0
2023-11-11,9,868,0,0
2023-11-12,9,796,0,0
2023-11-13,9,490,0,0
2023-11-14,9,589,0,0
2023-11-15,9,600,0,0
2023-11-16,9,789,1,0
2023-11-17,9,809,1,0
2023-11-18,9,830,0,0
2023-11-19,9,908,0,0
2023-11-20,9,437,0,0
2023-11-21,9,491,0,0
2023-11-22,9,603,0,0
2023-11-23,9,544,0,0
2023-11-24,9,551,0,0
2023-11-25,9,712,0,0
2023-11-26,9,882,0,0
2023-11-27,9,509,0,0
2023-11-28,9,555,0,0
2023-11-29,9,575,0,0
2023-11-30,9,536,0,0
2023-12-01,9,1008,0,0
2023-12-02,9,1078,0,0
2023-12-03,9,1232,0,0
2023-12-04,9,679,0,0
2023-12-05,9,846,0,0
2023-12-06,9,876,0,0
2023-12-07,9,767,0,0
2023-12-08,9,985,0,0
2023-12-09,9,1696,1,0
2023-12-10,9,1659,1,0
2023-12-11,9,715,0,0
2023-12-12,9,848,0,0
2023-12-13,9,1264,1,0
2023-12-14,9,959,0,0
2023-12-15,9,1074,1,0
2023-12-16,9,1224,0,0
2023-12-17,9,1232,0,0
2023-12-18,9,631,0,0
2023-12-19,9,848,0,0
2023-12-20,9,1328,1,0
2023-12-21,9,922,0,0
2023-12-22,9,1157,1,0
2023-12-23,9,1754,1,0
2023-12-24,9,1731,1,0
2023-12-25,9,732,0,0
2023-12-26,9,756,0,0
2023-12-27,9,890,0,0
2023-12-28,9,825,0,0
2023-12-29,9,869,0,0
2023-12-30,9,1263,0,0
2023-12-31,9,1123,0,0
2024-01-01,9,432,0,0
2024-01-02,9,592,0,0
2024-01-03,9,521,0,0
2024-01-04,9,600,0,0
2024-01-05,9,645,0,0
2024-01-06,9,863,0,0
2024-01-07,9,896,0,0
2024-01-08,9,449,0,0
2024-01-09,9,594,0,0
2024-01-10,9,618,0,0
2024-01-11,9,516,0,0
2024-01-12,9,727,1,0
2024-01-13,9,826,0,0
2024-01-14,9,788,0,0
2024-01-15,9,412,0,0
2024-01-16,9,741,1,0
2024-01-17,9,558,0,0
2024-01-18,9,819,1,0
2024-01-19,9,629,0,0
2024-01-20,9,1028,1,0
2024-01-21,9,1052,1,0
2024-01-22,9,524,1,0
2024-01-23,9,840,1,0
2024-01-24,9,557,0,0
2024-01-25,9,732,1,0
2024-01-26,9,531,0,0
2024-01-27,9,980,0,0
2024-01-28,9,884,0,0
2024-01-29,9,439,0,0
2024-01-30,9,638,0,0
2024-01-31,9,586,0,0
2024-02-01,9,598,0,0
2024-02-02,9,774,1,0
2024-02-03,9,1110,1,0
2024-02-04,9,675,0,0
2024-02-05,9,442,0,0
2024-02-06,9,538,0,0
2024-02-07,9,503,0,0
2024-02-08,9,532,0,0
2024-02-09,9,568,0,0
2024-02-10,9,907,0,0
2024-02-11,9,830,0,0
2024-02-12,9,476,0,0
2024-02-13,9,569,0,0
2024-02-14,9,628,0,0
2024-02-15,9,671,1,0
2024-02-16,9,747,1,0
2024-02-17,9,896,0,0
2024-02-18,9,789,0,0
2024-02-19,9,460,0,0
2024-02-20,9,695,1,0
2024-02-21,9,581,0,0
2024-02-22,9,673,0,0
2024-02-23,9,639,0,0
2024-02-24,9,923,0,0
2024-02-25,9,753,0,0
2024-02-26,9,443,0,0
2024-02-27,9,782,1,0
2024-02-28,9,658,0,0
2024-02-29,9,507,0,0
2024-03-01,9,539,0,0
2024-03-02,9,780,0,0
2024-03-03,9,764,0,0
2024-03-04,9,420,0,0
2024-03-05,9,537,0,0
2024-03-06,9,585,0,0
2024-03-07,9,745,1,0
2024-03-08,9,632,0,0
2024-03-09,9,828,0,0
2024-03-10,9,681,0,0
2024-03-11,9,434,0,0
2024-03-12,9,527,0,0
2024-03-13,9,501,0,0
2024-03-14,9,513,0,0
2024-03-15,9,573,0,0
2024-03-16,9,895,0,0
2024-03-17,9,1075,1,0
2024-03-18,9,505,0,0
2024-03-19,9,552,0,0
2024-03-20,9,582,0,0
2024-03-21,9,630,0,0
2024-03-22,9,730,1,0
2024-03-23,9,821,0,0
2024-03-24,9,930,0,0
2024-03-25,9,478,0,0
2024-03-26,9,937,1,0
2024-03-27,9,582,0,0
2024-03-28,9,594,0,0
2024-03-29,9,599,0,0
2024-03-30,9,735,0,0
2024-03-31,9,810,0,0
2024-04-01,9,431,0,0
2024-04-02,9,587,0,0
2024-04-03,9,527,0,0
2024-04-04,9,723,1,0
2024-04-05,9,599,0,0
2024-04-06,9,865,0,0
2024-04-07,9,843,0,0
2024-04-08,9,650,1,0
2024-04-09,9,625,0,0
2024-04-10,9,588,0,0
2024-04-11,9,543,0,0
2024-04-12,9,903,1,0
2024-04-13,9,784,0,0
2024-04-14,9,769,0,0
2024-04-15,9,569,1,0
2024-04-16,9,619,0,0
2024-04-17,9,557,0,0
2024-04-18,9,662,0,0
2024-04-19,9,762,1,0
2024-04-20,9,1003,1,0
2024-04-21,9,1088,1,0
2024-04-22,9,475,0,0
2024-04-23,9,567,0,0
2024-04-24,9,583,0,0
2024-04-25,9,629,0,0
2024-04-26,9,635,0,0
2024-04-27,9,869,0,0
2024-04-28,9,834,0,0
2024-04-29,9,615,1,0
2024-04-30,9,612,0,0
2024-05-01,9,616,0,0
2024-05-02,9,687,0,0
2024-05-03,9,628,0,0
2024-05-04,9,842,0,0
2024-05-05,9,1201,1,0
2024-05-06,9,513,0,0
2024-05-07,9,860,1,0
2024-05-08,9,516,0,0
2024-05-09,9,568,0,0
2024-05-10,9,790,1,0
2024-05-11,9,1156,1,0
2024-05-12,9,1013,1,0
2024-05-13,9,500,0,0
2024-05-14,9,782,1,0
2024-05-15,9,599,0,0
2024-05-16,9,777,1,0
2024-05-17,9,573,0,0
2024-05-18,9,721,0,0
2024-05-19,9,1182,1,0
2024-05-20,9,574,1,0
2024-05-21,9,494,0,0
2024-05-22,9,527,0,0
2024-05-23,9,504,0,0
2024-05-24,9,680,0,0
2024-05-25,9,797,0,0
2024-05-26,9,1233,1,0
2024-05-27,9,448,0,0
2024-05-28,9,615,0,0
2024-05-29,9,647,0,0
2024-05-30,9,597,0,0
2024-05-31,9,852,1,0
2024-06-01,9,1171,1,0
2024-06-02,9,940,0,0
2024-06-03,9,524,0,0
2024-06-04,9,605,0,0
2024-06-05,9,857,1,0
2024-06-06,9,550,0,0
2024-06-07,9,561,0,0
2024-06-08,9,890,0,0
2024-06-09,9,923,0,0
2024-06-10,9,646,1,0
2024-06-11,9,672,0,0
2024-06-12,9,854,1,0
2024-06-13,9,811,1,0
2024-06-14,9,679,0,0
2024-06-15,9,936,0,0
2024-06-16,9,870,0,0
2024-06-17,9,536,0,0
2024-06-18,9,568,0,0
2024-06-19,9,584,0,0
2024-06-20,9,700,1,0
2024-06-21,9,561,0,0
2024-06-22,9,1040,1,0
2024-06-23,9,759,0,0
2024-06-24,9,563,0,0
2024-06-25,9,648,0,0
2024-06-26,9,640,0,0
2024-06-27,9,770,1,0
2024-06-28,9,747,1,0
2024-06-29,9,775,0,0
2024-06-30,9,716,0,0
2024-07-01,9,817,1,1
2024-07-02,9,696,0,1
2024-07-03,9,648,0,1
2024-07-04,9,669,0,1
2024-07-05,9,713,0,1
2024-07-06,9,1071,0,0
2024-07-07,9,971,0,0
2024-07-08,9,635,0,1
2024-07-09,9,1087,1,1
2024-07-10,9,811,0,1
2024-07-11,9,699,0,1
2024-07-12,9,729,0,1
2024-07-13,9,954,0,0
2024-07-14,9,988,0,0
2024-07-15,9,553,0,1
2024-07-16,9,881,1,1
2024-07-17,9,724,0,1
2024-07-18,9,963,1,1
2024-07-19,9,1022,1,1
2024-07-20,9,1062,0,0
2024-07-21,9,1004,0,0
2024-07-22,9,599,0,1
2024-07-23,9,955,1,1
2024-07-24,9,670,0,1
2024-07-25,9,660,0,1
2024-07-26,9,679,0,1
2024-07-27,9,1006,0,0
2024-07-28,9,1073,0,0
2024-07-29,9,514,0,1
2024-07-30,9,663,0,1
2024-07-31,9,1137,1,1
2024-08-01,9,676,0,1
2024-08-02,9,1088,1,1
2024-08-03,9,948,0,0
2024-08-04,9,940,0,0
2024-08-05,9,648,0,1
2024-08-06,9,637,0,1
2024-08-07,9,980,1,1
2024-08-08,9,655,0,1
2024-08-09,9,703,0,1
2024-08-10,9,884,0,0
2024-08-11,9,1004,0,0
2024-08-12,9,692,1,1
2024-08-13,9,791,0,1
2024-08-14,9,809,1,1
2024-08-15,9,704,0,1
2024-08-16,9,876,1,1
2024-08-17,9,869,0,0
2024-08-18,9,1247,1,0
2024-08-19,9,615,0,1
2024-08-20,9,672,0,1
2024-08-21,9,678,0,1
2024-08-22,9,812,0,1
2024-08-23,9,641,0,1
2024-08-24,9,1049,0,0
2024-08-25,9,1092,0,0
2024-08-26,9,605,0,1
2024-08-27,9,628,0,1
2024-08-28,9,676,0,1
2024-08-29,9,699,0,1
2024-08-30,9,1046,1,1
2024-08-31,9,1470,1,0
2024-09-01,9,747,0,0
2024-09-02,9,718,1,0
2024-09-03,9,842,1,0
2024-09-04,9,496,0,0
2024-09-05,9,550,0,0
2024-09-06,9,783,1,0
2024-09-07,9,901,0,0
2024-09-08,9,1168,1,0
2024-09-09,9,675,1,0
2024-09-10,9,583,0,0
2024-09-11,9,878,1,0
2024-09-12,9,638,0,0
2024-09-13,9,618,0,0
2024-09-14,9,863,0,0
2024-09-15,9,1155,1,0
2024-09-16,9,465,0,0
2024-09-17,9,564,0,0
2024-09-18,9,801,1,0
2024-09-19,9,742,1,0
2024-09-20,9,620,0,0
2024-09-21,9,986,0,0
2024-09-22,9,1207,1,0
2024-09-23,9,570,0,0
2024-09-24,9,875,1,0
2024-09-25,9,705,1,0
2024-09-26,9,859,1,0
2024-09-27,9,672,0,0
2024-09-28,9,709,0,0
2024-09-29,9,1268,1,0
2024-09-30,9,652,1,0
2024-10-01,9,867,1,0
2024-10-02,9,629,0,0
2024-10-03,9,607,0,0
2024-10-04,9,667,0,0
2024-10-05,9,884,0,0
2024-10-06,9,806,0,0
2024-10-07,9,468,0,0
2024-10-08,9,870,1,0
2024-10-09,9,572,0,0
2024-10-10,9,678,0,0
2024-10-11,9,764,1,0
2024-10-12,9,984,0,0
2024-10-13,9,876,0,0
2024-10-14,9,487,0,0
2024-10-15,9,703,0,0
2024-10-16,9,569,0,0
2024-10-17,9,660,0,0
2024-10-18,9,701,0,0
2024-10-19,9,828,0,0
2024-10-20,9,1153,1,0
2024-10-21,9,642,1,0
2024-10-22,9,744,1,0
2024-10-23,9,804,1,0
2024-10-24,9,655,0,0
2024-10-25,9,549,0,0
2024-10-26,9,911,0,0
2024-10-27,9,737,0,0
2024-10-28,9,635,1,0
2024-10-29,9,622,0,0
2024-10-30,9,631,0,0
2024-10-31,9,655,0,0
2024-11-01,9,709,1,0
2024-11-02,9,1228,1,0
2024-11-03,9,935,0,0
2024-11-04,9,467,0,0
2024-11-05,9,830,1,0
2024-11-06,9,638,0,0
2024-11-07,9,803,1,0
2024-11-08,9,550,0,0
2024-11-09,9,1136,1,0
2024-11-10,9,896,0,0
2024-11-11,9,448,0,0
2024-11-12,9,593,1,0
2024-11-13,9,684,0,0
2024-11-14,9,658,0,0
2024-11-15,9,603,0,0
2024-11-16,9,1064,1,0
2024-11-17,9,884,0,0
2024-11-18,9,461,0,0
2024-11-19,9,563,0,0
2024-11-20,9,575,0,0
2024-11-21,9,619,0,0
2024-11-22,9,868,1,0
2024-11-23,9,867,0,0
2024-11-24,9,1246,1,0
2024-11-25,9,568,0,0
2024-11-26,9,623,0,0
2024-11-27,9,641,0,0
2024-11-28,9,621,0,0
2024-11-29,9,588,0,0
2024-11-30,9,883,0,0
2024-12-01,9,1095,0,0
2024-12-02,9,730,0,0
2024-12-03,9,1240,1,0
2024-12-04,9,943,0,0
2024-12-05,9,994,0,0
2024-12-06,9,956,0,0
2024-12-07,9,1321,0,0
2024-12-08,9,1208,0,0
2024-12-09,9,798,0,0
2024-12-10,9,956,0,0
2024-12-11,9,966,0,0
2024-12-12,9,939,0,0
2024-12-13,9,1302,1,0
2024-12-14,9,1344,0,0
2024-12-15,9,1346,0,0
2024-12-16,9,994,1,0
2024-12-17,9,944,0,0
2024-12-18,9,966,0,0
2024-12-19,9,955,0,0
2024-12-20,9,1146,1,0
2024-12-21,9,1222,0,0
2024-12-22,9,1358,0,0
2024-12-23,9,683,0,0
2024-12-24,9,1261,1,0
2024-12-25,9,911,0,0
2024-12-26,9,1345,1,0
2024-12-27,9,1320,1,0
2024-12-28,9,1374,0,0
2024-12-29,9,1260,0,0
2024-12-30,9,785,0,0
2024-12-31,9,1296,1,0
2022-01-01,10,884,1,0
2022-01-02,10,600,0,0
2022-01-03,10,390,0,0
2022-01-04,10,534,0,0
2022-01-05,10,476,0,0
2022-01-06,10,522,0,0
2022-01-07,10,497,0,0
2022-01-08,10,1042,1,0
2022-01-09,10,664,0,0
2022-01-10,10,571,1,0
2022-01-11,10,488,0,0
2022-01-12,10,479,0,0
2022-01-13,10,510,0,0
2022-01-14,10,478,0,0
2022-01-15,10,664,0,0
2022-01-16,10,733,0,0
2022-01-17,10,608,1,0
2022-01-18,10,563,0,0
2022-01-19,10,522,0,0
2022-01-20,10,512,0,0
2022-01-21,10,666,1,0
2022-01-22,10,837,1,0
2022-01-23,10,1102,1,0
2022-01-24,10,380,0,0
2022-01-25,10,567,0,0
2022-01-26,10,485,0,0
2022-01-27,10,626,1,0
2022-01-28,10,584,0,0
2022-01-29,10,1028,1,0
2022-01-30,10,712,0,0
2022-01-31,10,354,0,0
2022-02-01,10,661,1,0
2022-02-02,10,453,0,0
2022-02-03,10,541,0,0
2022-02-04,10,494,0,0
2022-02-05,10,813,0,0
2022-02-06,10,693,0,0
2022-02-07,10,552,1,0
2022-02-08,10,455,0,0
2022-02-09,10,553,0,0
2022-02-10,10,505,0,0
2022-02-11,10,705,1,0
2022-02-12,10,710,0,0
2022-02-13,10,622,0,0
2022-02-14,10,571,1,0
2022-02-15,10,539,0,0
2022-02-16,10,522,0,0
2022-02-17,10,760,1,0
2022-02-18,10,684,1,0
2022-02-19,10,627,0,0
2022-02-20,10,957,1,0
2022-02-21,10,403,0,0
2022-02-22,10,708,1,0
2022-02-23,10,469,0,0
2022-02-24,10,598,0,0
2022-02-25,10,510,0,0
2022-02-26,10,700,0,0
2022-02-27,10,742,0,0
2022-02-28,10,393,0,0
2022-03-01,10,475,0,0
2022-03-02,10,449,0,0
2022-03-03,10,518,0,0
2022-03-04,10,535,0,0
2022-03-05,10,647,0,0
2022-03-06,10,809,0,0
2022-03-07,10,425,1,0
2022-03-08,10,480,0,0
2022-03-09,10,494,0,0
2022-03-10,10,781,1,0
2022-03-11,10,513,0,0
2022-03-12,10,1016,1,0
2022-03-13,10,903,1,0
2022-03-14,10,414,0,0
2022-03-15,10,684,1,0
2022-03-16,10,427,0,0
2022-03-17,10,565,0,0
2022-03-18,10,548,0,0
2022-03-19,10,873,1,0
2022-03-20,10,990,1,0
2022-03-21,10,397,0,0
2022-03-22,10,506,0,0
2022-03-23,10,548,0,0
2022-03-24,10,576,0,0
2022-03-25,10,681,1,0
2022-03-26,10,993,1,0
2022-03-27,10,1008,1,0
2022-03-28,10,404,0,0
2022-03-29,10,728,1,0
2022-03-30,10,552,0,0
2022-03-31,10,741,1,0
2022-04-01,10,747,1,0
2022-04-02,10,597,0,0
2022-04-03,10,671,0,0
2022-04-04,10,386,0,0
2022-04-05,10,684,1,0
2022-04-06,10,503,0,0
2022-04-07,10,570,0,0
2022-04-08,10,440,0,0
2022-04-09,10,791,0,0
2022-04-10,10,893,1,0
2022-04-11,10,402,0,0
2022-04-12,10,493,0,0
2022-04-13,10,508,0,0
2022-04-14,10,464,0,0
2022-04-15,10,516,0,0
2022-04-16,10,694,0,0
2022-04-17,10,742,0,0
2022-04-18,10,438,0,0
2022-04-19,10,491,0,0
2022-04-20,10,612,0,0
2022-04-21,10,663,1,0
2022-04-22,10,455,0,0
2022-04-23,10,1056,1,0
2022-04-24,10,1038,1,0
2022-04-25,10,457,0,0
2022-04-26,10,738,1,0
2022-04-27,10,684,1,0
2022-04-28,10,516,0,0
2022-04-29,10,449,0,0
2022-04-30,10,598,0,0
2022-05-01,10,1051,1,0
2022-05-02,10,540,1,0
2022-05-03,10,581,0,0
2022-05-04,10,503,0,0
2022-05-05,10,505,0,0
2022-05-06,10,497,0,0
2022-05-07,10,768,0,0
2022-05-08,10,873,1,0
2022-05-09,10,394,0,0
2022-05-10,10,583,0,0
2022-05-11,10,693,1,0
2022-05-12,10,555,0,0
2022-05-13,10,703,1,0
2022-05-14,10,806,0,0
2022-05-15,10,998,1,0
2022-05-16,10,519,0,0
2022-05-17,10,508,0,0
2022-05-18,10,577,0,0
2022-05-19,10,416,0,0
2022-05-20,10,439,0,0
2022-05-21,10,728,0,0
2022-05-22,10,890,1,0
2022-05-23,10,442,0,0
2022-05-24,10,588,0,0
2022-05-25,10,526,0,0
2022-05-26,10,733,1,0
2022-05-27,10,554,0,0
2022-05-28,10,769,0,0
2022-05-29,10,688,0,0
2022-05-30,10,425,0,0
2022-05-31,10,543,0,0
2022-06-01,10,476,0,0
2022-06-02,10,721,1,0
2022-06-03,10,756,1,0
2022-06-04,10,1037,1,0
2022-06-05,10,702,0,0
2022-06-06,10,475,0,0
2022-06-07,10,541,0,0
2022-06-08,10,454,0,0
2022-06-09,10,773,1,0
2022-06-10,10,498,0,0
2022-06-11,10,706,0,0
2022-06-12,10,701,0,0
2022-06-13,10,385,0,0
2022-06-14,10,587,0,0
2022-06-15,10,534,0,0
2022-06-16,10,695,1,0
2022-06-17,10,479,0,0
2022-06-18,10,795,0,0
2022-06-19,10,786,0,0
2022-06-20,10,455,0,0
2022-06-21,10,760,1,0
2022-06-22,10,530,0,0
2022-06-23,10,818,1,0
2022-06-24,10,737,1,0
2022-06-25,10,811,0,0
2022-06-26,10,790,0,0
2022-06-27,10,444,0,0
2022-06-28,10,566,0,0
2022-06-29,10,491,0,0
2022-06-30,10,489,0,0
2022-07-01,10,644,0,1
2022-07-02,10,1140,1,0
2022-07-03,10,1296,1,0
2022-07-04,10,672,1,1
2022-07-05,10,593,0,1
2022-07-06,10,966,1,1
2022-07-07,10,589,0,1
2022-07-08,10,844,1,1
2022-07-09,10,931,0,0
2022-07-10,10,1091,1,0
2022-07-11,10,457,0,1
2022-07-12,10,738,0,1
2022-07-13,10,629,0,1
2022-07-14,10,639,0,1
2022-07-15,10,893,1,1
2022-07-16,10,864,0,0
2022-07-17,10,901,0,0
2022-07-18,10,437,0,1
2022-07-19,10,669,0,1
2022-07-20,10,650,0,1
2022-07-21,10,681,0,1
2022-07-22,10,615,0,1
2022-07-23,10,962,0,0
2022-07-24,10,793,0,0
2022-07-25,10,467,0,1
2022-07-26,10,619,0,1
2022-07-27,10,627,0,1
2022-07-28,10,638,0,1
2022-07-29,10,889,1,1
2022-07-30,10,804,0,0
2022-07-31,10,922,0,0
2022-08-01,10,571,0,1
2022-08-02,10,905,1,1
2022-08-03,10,923,1,1
2022-08-04,10,787,1,1
2022-08-05,10,602,0,1
2022-08-06,10,945,0,0
2022-08-07,10,876,0,0
2022-08-08,10,515,0,1
2022-08-09,10,620,0,1
2022-08-10,10,596,0,1
2022-08-11,10,886,1,1
2022-08-12,10,665,0,1
2022-08-13,10,849,0,0
2022-08-14,10,831,0,0
2022-08-15,10,498,0,1
2022-08-16,10,821,1,1
2022-08-17,10,544,0,1
2022-08-18,10,876,1,1
2022-08-19,10,678,0,1
2022-08-20,10,843,0,0
2022-08-21,10,985,0,0
2022-08-22,10,544,0,1
2022-08-23,10,609,0,1
2022-08-24,10,772,1,1
2022-08-25,10,619,0,1
2022-08-26,10,613,0,1
2022-08-27,10,842,0,0
2022-08-28,10,1193,1,0
2022-08-29,10,644,1,1
2022-08-30,10,873,1,1
2022-08-31,10,908,1,1
2022-09-01,10,665,1,0
2022-09-02,10,522,0,0
2022-09-03,10,626,0,0
2022-09-04,10,753,0,0
2022-09-05,10,433,0,0
2022-09-06,10,499,0,0
2022-09-07,10,552,0,0
2022-09-08,10,638,1,0
2022-09-09,10,548,0,0
2022-09-10,10,629,0,0
2022-09-11,10,782,0,0
2022-09-12,10,432,0,0
2022-09-13,10,485,0,0
2022-09-14,10,746,1,0
2022-09-15,10,498,0,0
2022-09-16,10,535,0,0
2022-09-17,10,845,0,0
2022-09-18,10,836,0,0
2022-09-19,10,446,0,0
2022-09-20,10,586,0,0
2022-09-21,10,455,0,0
2022-09-22,10,586,0,0
2022-09-23,10,523,0,0
2022-09-24,10,749,0,0
2022-09-25,10,983,1,0
2022-09-26,10,427,0,0
2022-09-27,10,516,0,0
2022-09-28,10,622,0,0
2022-09-29,10,516,0,0
2022-09-30,10,706,1,0
2022-10-01,10,686,0,0
2022-10-02,10,1070,1,0
2022-10-03,10,460,0,0
2022-10-04,10,556,0,0
2022-10-05,10,706,1,0
2022-10-06,10,730,1,0
2022-10-07,10,503,0,0
2022-10-08,10,828,0,0
2022-10-09,10,793,0,0
2022-10-10,10,406,0,0
2022-10-11,10,527,0,0
2022-10-12,10,513,0,0
2022-10-13,10,522,0,0
2022-10-14,10,651,1,0
2022-10-15,10,1036,1,0
2022-10-16,10,738,0,0
2022-10-17,10,447,0,0
2022-10-18,10,477,0,0
2022-10-19,10,556,0,0
2022-10-20,10,806,1,0
2022-10-21,10,562,0,0
2022-10-22,10,861,0,0
2022-10-23,10,971,1,0
2022-10-24,10,359,0,0
2022-10-25,10,529,0,0
2022-10-26,10,789,1,0
2022-10-27,10,514,0,0
2022-10-28,10,740,1,0
2022-10-29,10,1071,1,0
2022-10-30,10,836,0,0
2022-10-31,10,454,0,0
2022-11-01,10,566,0,0
2022-11-02,10,562,0,0
2022-11-03,10,588,0,0
2022-11-04,10,503,0,0
2022-11-05,10,688,0,0
2022-11-06,10,741,0,0
2022-11-07,10,470,0,0
2022-11-08,10,558,0,0
2022-11-09,10,615,0,0
2022-11-10,10,529,0,0
2022-11-11,10,520,0,0
2022-11-12,10,675,0,0
2022-11-13,10,804,0,0
2022-11-14,10,486,0,0
2022-11-15,10,575,0,0
2022-11-16,10,541,0,0
2022-11-17,10,505,0,0
2022-11-18,10,777,1,0
2022-11-19,10,709,0,0
2022-11-20,10,788,0,0
2022-11-21,10,435,0,0
2022-11-22,10,456,0,0
2022-11-23,10,536,0,0
2022-11-24,10,544,0,0
2022-11-25,10,514,0,0
2022-11-26,10,746,0,0
2022-11-27,10,756,0,0
2022-11-28,10,460,0,0
2022-11-29,10,552,0,0
2022-11-30,10,512,0,0
2022-12-01,10,896,0,0
2022-12-02,10,785,0,0
2022-12-03,10,1100,0,0
2022-12-04,10,1756,1,0
2022-12-05,10,661,0,0
2022-12-06,10,874,1,0
2022-12-07,10,878,0,0
2022-12-08,10,817,0,0
2022-12-09,10,1038,1,0
2022-12-10,10,1538,1,0
2022-12-11,10,1140,0,0
2022-12-12,10,604,0,0
2022-12-13,10,800,0,0
2022-12-14,10,790,0,0
2022-12-15,10,823,0,0
2022-12-16,10,892,0,0
2022-12-17,10,1117,0,0
2022-12-18,10,1178,0,0
2022-12-19,10,687,0,0
2022-12-20,10,921,0,0
2022-12-21,10,834,0,0
2022-12-22,10,818,0,0
2022-12-23,10,1022,1,0
2022-12-24,10,1172,0,0
2022-12-25,10,1688,1,0
2022-12-26,10,646,0,0
2022-12-27,10,971,0,0
2022-12-28,10,809,0,0
2022-12-29,10,792,0,0
2022-12-30,10,807,0,0
2022-12-31,10,1158,0,0
2023-01-01,10,777,0,0
2023-01-02,10,590,1,0
2023-01-03,10,497,0,0
2023-01-04,10,526,0,0
2023-01-05,10,563,0,0
2023-01-06,10,559,0,0
2023-01-07,10,801,0,0
2023-01-08,10,824,0,0
2023-01-09,10,388,0,0
2023-01-10,10,517,0,0
2023-01-11,10,568,0,0
2023-01-12,10,815,1,0
2023-01-13,10,615,0,0
2023-01-14,10,840,0,0
2023-01-15,10,826,0,0
2023-01-16,10,591,1,0
2023-01-17,10,777,1,0
2023-01-18,10,522,0,0
2023-01-19,10,553,0,0
2023-01-20,10,786,1,0
2023-01-21,10,814,0,0
2023-01-22,10,727,0,0
2023-01-23,10,404,0,0
2023-01-24,10,469,0,0
2023-01-25,10,635,0,0
2023-01-26,10,486,0,0
2023-01-27,10,570,0,0
2023-01-28,10,758,0,0
2023-01-29,10,1051,1,0
2023-01-30,10,415,0,0
2023-01-31,10,575,0,0
2023-02-01,10,574,0,0
2023-02-02,10,618,0,0
2023-02-03,10,796,1,0
2023-02-04,10,1055,1,0
2023-02-05,10,1047,1,0
2023-02-06,10,455,0,0
2023-02-07,10,803,1,0
2023-02-08,10,693,1,0
2023-02-09,10,709,1,0
2023-02-10,10,486,0,0
2023-02-11,10,766,0,0
2023-02-12,10,700,0,0
2023-02-13,10,447,0,0
2023-02-14,10,615,0,0
2023-02-15,10,528,0,0
2023-02-16,10,602,0,0
2023-02-17,10,586,0,0
2023-02-18,10,1029,1,0
2023-02-19,10,828,0,0
2023-02-20,10,622,1,0
2023-02-21,10,466,0,0
2023-02-22,10,622,0,0
2023-02-23,10,583,0,0
2023-02-24,10,786,1,0
2023-02-25,10,719,0,0
2023-02-26,10,784,0,0
2023-02-27,10,680,1,0
2023-02-28,10,557,0,0
2023-03-01,10,521,0,0
2023-03-02,10,575,0,0
2023-03-03,10,567,0,0
2023-03-04,10,1060,1,0
2023-03-05,10,1067,1,0
2023-03-06,10,451,0,0
2023-03-07,10,613,0,0
2023-03-08,10,542,0,0
2023-03-09,10,613,0,0
2023-03-10,10,691,1,0
2023-03-11,10,825,0,0
2023-03-12,10,821,0,0
2023-03-13,10,426,0,0
2023-03-14,10,533,0,0
2023-03-15,10,599,0,0
2023-03-16,10,547,0,0
2023-03-17,10,599,0,0
2023-03-18,10,804,0,0
2023-03-19,10,759,0,0
2023-03-20,10,476,0,0
2023-03-21,10,638,0,0
2023-03-22,10,852,1,0
2023-03-23,10,540,0,0
2023-03-24,10,484,0,0
2023-03-25,10,865,0,0
2023-03-26,10,1120,1,0
2023-03-27,10,620,1,0
2023-03-28,10,559,0,0
2023-03-29,10,621,0,0
2023-03-30,10,568,0,0
2023-03-31,10,767,1,0
2023-04-01,10,1085,1,0
2023-04-02,10,823,0,0
2023-04-03,10,515,0,0
2023-04-04,10,561,0,0
2023-04-05,10,458,0,0
2023-04-06,10,681,0,0
2023-04-07,10,574,0,0
2023-04-08,10,784,0,0
2023-04-09,10,1144,1,0
2023-04-10,10,731,1,0
2023-04-11,10,532,0,0
2023-04-12,10,529,0,0
2023-04-13,10,714,1,0
2023-04-14,10,605,0,0
2023-04-15,10,811,0,0
2023-04-16,10,909,0,0
2023-04-17,10,526,1,0
2023-04-18,10,834,1,0
2023-04-19,10,557,0,0
2023-04-20,10,544,0,0
2023-04-21,10,541,0,0
2023-04-22,10,759,0,0
2023-04-23,10,702,0,0
2023-04-24,10,594,1,0
2023-04-25,10,827,1,0
2023-04-26,10,573,0,0
2023-04-27,10,568,0,0
2023-04-28,10,518,0,0
2023-04-29,10,735,0,0
2023-04-30,10,1131,1,0
2023-05-01,10,608,1,0
2023-05-02,10,643,0,0
2023-05-03,10,514,0,0
2023-05-04,10,659,0,0
2023-05-05,10,518,0,0
2023-05-06,10,819,0,0
2023-05-07,10,663,0,0
2023-05-08,10,454,0,0
2023-05-09,10,533,0,0
2023-05-10,10,565,0,0
2023-05-11,10,564,0,0
2023-05-12,10,520,0,0
2023-05-13,10,991,1,0
2023-05-14,10,835,0,0
2023-05-15,10,454,0,0
2023-05-16,10,552,0,0
2023-05-17,10,566,0,0
2023-05-18,10,564,0,0
2023-05-19,10,707,1,0
2023-05-20,10,662,0,0
2023-05-21,10,894,1,0
2023-05-22,10,581,1,0
2023-05-23,10,628,0,0
2023-05-24,10,622,0,0
2023-05-25,10,833,1,0
2023-05-26,10,599,0,0
2023-05-27,10,936,0,0
2023-05-28,10,838,0,0
2023-05-29,10,458,0,0
2023-05-30,10,672,1,0
2023-05-31,10,582,0,0
2023-06-01,10,552,0,0
2023-06-02,10,569,0,0
2023-06-03,10,1178,1,0
2023-06-04,10,847,0,0
2023-06-05,10,478,0,0
2023-06-06,10,556,0,0
2023-06-07,10,590,0,0
2023-06-08,10,931,1,0
2023-06-09,10,628,0,0
2023-06-10,10,767,0,0
2023-06-11,10,805,0,0
2023-06-12,10,633,1,0
2023-06-13,10,567,0,0
2023-06-14,10,907,1,0
2023-06-15,10,572,0,0
2023-06-16,10,586,0,0
2023-06-17,10,871,0,0
2023-06-18,10,797,0,0
2023-06-19,10,563,1,0
2023-06-20,10,541,0,0
2023-06-21,10,541,0,0
2023-06-22,10,571,0,0
2023-06-23,10,583,0,0
2023-06-24,10,963,1,0
2023-06-25,10,902,0,0
2023-06-26,10,457,0,0
2023-06-27,10,801,1,0
2023-06-28,10,558,0,0
2023-06-29,10,798,1,0
2023-06-30,10,764,1,0
2023-07-01,10,943,0,0
2023-07-02,10,1151,1,0
2023-07-03,10,633,0,1
2023-07-04,10,967,1,1
2023-07-05,10,878,1,1
2023-07-06,10,634,0,1
2023-07-07,10,659,0,1
2023-07-08,10,1227,1,0
2023-07-09,10,813,0,0
2023-07-10,10,610,0,1
2023-07-11,10,740,0,1
2023-07-12,10,680,0,1
2023-07-13,10,730,0,1
2023-07-14,10,990,1,1
2023-07-15,10,1264,1,0
2023-07-16,10,1446,1,0
2023-07-17,10,511,0,1
2023-07-18,10,632,0,1
2023-07-19,10,756,0,1
2023-07-20,10,709,0,1
2023-07-21,10,878,1,1
2023-07-22,10,971,0,0
2023-07-23,10,964,0,0
2023-07-24,10,546,0,1
2023-07-25,10,651,0,1
2023-07-26,10,650,0,1
2023-07-27,10,1007,1,1
2023-07-28,10,678,0,1
2023-07-29,10,1051,0,0
2023-07-30,10,847,0,0
2023-07-31,10,590,0,1
2023-08-01,10,638,0,1
2023-08-02,10,798,0,1
2023-08-03,10,727,0,1
2023-08-04,10,868,1,1
2023-08-05,10,1396,1,0
2023-08-06,10,880,0,0
2023-08-07,10,549,0,1
2023-08-08,10,589,0,1
2023-08-09,10,613,0,1
2023-08-10,10,666,0,1
2023-08-11,10,751,0,1
2023-08-12,10,1160,1,0
2023-08-13,10,1050,0,0
2023-08-14,10,481,0,1
2023-08-15,10,750,0,1
2023-08-16,10,672,0,1
2023-08-17,10,651,0,1
2023-08-18,10,777,0,1
2023-08-19,10,1675,1,0
2023-08-20,10,965,0,0
2023-08-21,10,578,0,1
2023-08-22,10,671,0,1
2023-08-23,10,765,0,1
2023-08-24,10,981,1,1
2023-08-25,10,732,0,1
2023-08-26,10,1315,1,0
2023-08-27,10,1006,0,0
2023-08-28,10,557,0,1
2023-08-29,10,693,0,1
2023-08-30,10,752,0,1
2023-08-31,10,730,0,1
2023-09-01,10,755,1,0
2023-09-02,10,878,0,0
2023-09-03,10,846,0,0
2023-09-04,10,482,0,0
2023-09-05,10,579,0,0
2023-09-06,10,717,1,0
2023-09-07,10,624,0,0
2023-09-08,10,646,0,0
2023-09-09,10,1038,1,0
2023-09-10,10,791,0,0
2023-09-11,10,439,0,0
2023-09-12,10,702,1,0
2023-09-13,10,897,1,0
2023-09-14,10,564,0,0
2023-09-15,10,628,0,0
2023-09-16,10,894,0,0
2023-09-17,10,755,0,0
2023-09-18,10,710,1,0
2023-09-19,10,570,0,0
2023-09-20,10,623,0,0
2023-09-21,10,640,0,0
2023-09-22,10,564,0,0
2023-09-23,10,754,0,0
2023-09-24,10,777,0,0
2023-09-25,10,503,0,0
2023-09-26,10,908,1,0
2023-09-27,10,578,0,0
2023-09-28,10,568,0,0
2023-09-29,10,711,0,0
2023-09-30,10,866,0,0
2023-10-01,10,1001,1,0
2023-10-02,10,439,0,0
2023-10-03,10,516,0,0
2023-10-04,10,601,0,0
2023-10-05,10,585,0,0
2023-10-06,10,776,1,0
2023-10-07,10,740,0,0
2023-10-08,10,772,0,0
2023-10-09,10,468,0,0
2023-10-10,10,793,1,0
2023-10-11,10,620,0,0
2023-10-12,10,505,0,0
2023-10-13,10,629,0,0
2023-10-14,10,1055,1,0
2023-10-15,10,845,0,0
2023-10-16,10,716,1,0
2023-10-17,10,583,0,0
2023-10-18,10,659,0,0
2023-10-19,10,705,0,0
2023-10-20,10,592,0,0
2023-10-21,10,971,0,0
2023-10-22,10,773,0,0
2023-10-23,10,486,0,0
2023-10-24,10,577,0,0
2023-10-25,10,595,0,0
2023-10-26,10,579,0,0
2023-10-27,10,681,1,0
2023-10-28,10,846,0,0
2023-10-29,10,790,0,0
2023-10-30,10,686,1,0
2023-10-31,10,651,0,0
2023-11-01,10,553,0,0
2023-11-02,10,529,0,0
2023-11-03,10,554,0,0
2023-11-04,10,762,0,0
2023-11-05,10,785,0,0
2023-11-06,10,468,0,0
2023-11-07,10,631,0,0
2023-11-08,10,660,0,0
2023-11-09,10,642,0,0
2023-11-10,10,686,0,0
2023-11-11,10,750,0,0
2023-11-12,10,824,0,0
2023-11-13,10,599,1,0
2023-11-14,10,639,0,0
2023-11-15,10,603,0,0
2023-11-16,10,558,0,0
2023-11-17,10,633,0,0
2023-11-18,10,895,0,0
2023-11-19,10,813,0,0
2023-11-20,10,498,0,0
2023-11-21,10,596,0,0
2023-11-22,10,580,0,0
2023-11-23,10,581,0,0
2023-11-24,10,565,0,0
2023-11-25,10,847,0,0
2023-11-26,10,827,0,0
2023-11-27,10,496,0,0
2023-11-28,10,658,1,0
2023-11-29,10,623,0,0
2023-11-30,10,460,0,0
2023-12-01,10,934,0,0
2023-12-02,10,1260,0,0
2023-12-03,10,1054,0,0
2023-12-04,10,718,0,0
2023-12-05,10,940,0,0
2023-12-06,10,897,0,0
2023-12-07,10,889,0,0
2023-12-08,10,865,0,0
2023-12-09,10,1276,0,0
2023-12-10,10,1299,0,0
2023-12-11,10,706,0,0
2023-12-12,10,1204,1,0
2023-12-13,10,832,0,0
2023-12-14,10,958,0,0
2023-12-15,10,836,0,0
2023-12-16,10,1730,1,0
2023-12-17,10,1249,0,0
2023-12-18,10,670,0,0
2023-12-19,10,975,0,0
2023-12-20,10,775,0,0
2023-12-21,10,876,0,0
2023-12-22,10,1221,1,0
2023-12-23,10,1915,1,0
2023-12-24,10,1318,0,0
2023-12-25,10,639,0,0
2023-12-26,10,784,0,0
2023-12-27,10,997,0,0
2023-12-28,10,1342,1,0
2023-12-29,10,951,0,0
2023-12-30,10,1190,0,0
2023-12-31,10,1193,0,0
2024-01-01,10,566,1,0
2024-01-02,10,641,0,0
2024-01-03,10,546,0,0
2024-01-04,10,615,0,0
2024-01-05,10,602,0,0
2024-01-06,10,1101,1,0
2024-01-07,10,803,0,0
2024-01-08,10,493,0,0
2024-01-09,10,668,0,0
2024-01-10,10,623,0,0
2024-01-11,10,596,0,0
2024-01-12,10,642,0,0
2024-01-13,10,948,0,0
2024-01-14,10,792,0,0
2024-01-15,10,489,0,0
2024-01-16,10,558,0,0
2024-01-17,10,671,0,0
2024-01-18,10,627,0,0
2024-01-19,10,604,0,0
2024-01-20,10,817,0,0
2024-01-21,10,1184,1,0
2024-01-22,10,575,0,0
2024-01-23,10,709,0,0
2024-01-24,10,781,1,0
2024-01-25,10,499,0,0
2024-01-26,10,616,0,0
2024-01-27,10,830,0,0
2024-01-28,10,1076,1,0
2024-01-29,10,515,0,0
2024-01-30,10,627,0,0
2024-01-31,10,575,0,0
2024-02-01,10,687,0,0
2024-02-02,10,938,1,0
2024-02-03,10,794,0,0
2024-02-04,10,832,0,0
2024-02-05,10,549,0,0
2024-02-06,10,567,0,0
2024-02-07,10,610,0,0
2024-02-08,10,623,0,0
2024-02-09,10,635,0,0
2024-02-10,10,1319,1,0
2024-02-11,10,937,0,0
2024-02-12,10,646,1,0
2024-02-13,10,840,1,0
2024-02-14,10,629,0,0
2024-02-15,10,559,0,0
2024-02-16,10,550,0,0
2024-02-17,10,825,0,0
2024-02-18,10,870,0,0
2024-02-19,10,480,0,0
2024-02-20,10,488,0,0
2024-02-21,10,565,0,0
2024-02-22,10,716,0,0
2024-02-23,10,967,1,0
2024-02-24,10,890,0,0
2024-02-25,10,1300,1,0
2024-02-26,10,540,0,0
2024-02-27,10,668,0,0
2024-02-28,10,830,1,0
2024-02-29,10,562,0,0
2024-03-01,10,646,0,0
2024-03-02,10,866,0,0
2024-03-03,10,1044,1,0
2024-03-04,10,499,0,0
2024-03-05,10,607,0,0
2024-03-06,10,577,0,0
2024-03-07,10,595,0,0
2024-03-08,10,688,0,0
2024-03-09,10,810,0,0
2024-03-10,10,840,0,0
2024-03-11,10,482,0,0
2024-03-12,10,578,0,0
2024-03-13,10,513,0,0
2024-03-14,10,646,0,0
2024-03-15,10,848,1,0
2024-03-16,10,779,0,0
2024-03-17,10,880,0,0
2024-03-18,10,555,0,0
2024-03-19,10,655,0,0
2024-03-20,10,626,0,0
2024-03-21,10,603,0,0
2024-03-22,10,606,0,0
2024-03-23,10,974,0,0
2024-03-24,10,794,0,0
2024-03-25,10,456,0,0
2024-03-26,10,538,0,0
2024-03-27,10,640,0,0
2024-03-28,10,710,0,0
2024-03-29,10,678,0,0
2024-03-30,10,1118,1,0
2024-03-31,10,869,0,0
2024-04-01,10,472,0,0
2024-04-02,10,641,0,0
2024-04-03,10,580,0,0
2024-04-04,10,556,0,0
2024-04-05,10,649,0,0
2024-04-06,10,940,0,0
2024-04-07,10,897,0,0
2024-04-08,10,763,1,0
2024-04-09,10,580,0,0
2024-04-10,10,864,1,0
2024-04-11,10,565,0,0
2024-04-12,10,595,0,0
2024-04-13,10,1123,1,0
2024-04-14,10,897,0,0
2024-04-15,10,432,0,0
2024-04-16,10,880,1,0
2024-04-17,10,640,0,0
2024-04-18,10,672,0,0
2024-04-19,10,628,0,0
2024-04-20,10,886,0,0
2024-04-21,10,873,0,0
2024-04-22,10,451,0,0
2024-04-23,10,880,1,0
2024-04-24,10,695,0,0
2024-04-25,10,844,1,0
2024-04-26,10,665,0,0
2024-04-27,10,949,0,0
2024-04-28,10,784,0,0
2024-04-29,10,655,1,0
2024-04-30,10,826,1,0
2024-05-01,10,822,1,0
2024-05-02,10,828,1,0
2024-05-03,10,633,0,0
2024-05-04,10,1253,1,0
2024-05-05,10,821,0,0
2024-05-06,10,670,1,0
2024-05-07,10,529,0,0
2024-05-08,10,845,1,0
2024-05-09,10,827,1,0
2024-05-10,10,641,0,0
2024-05-11,10,956,0,0
2024-05-12,10,893,0,0
2024-05-13,10,520,0,0
2024-05-14,10,558,0,0
2024-05-15,10,609,0,0
2024-05-16,10,614,0,0
2024-05-17,10,573,0,0
2024-05-18,10,762,0,0
2024-05-19,10,824,0,0
2024-05-20,10,484,0,0
2024-05-21,10,816,1,0
2024-05-22,10,666,0,0
2024-05-23,10,587,0,0
2024-05-24,10,680,0,0
2024-05-25,10,720,0,0
2024-05-26,10,951,0,0
2024-05-27,10,535,0,0
2024-05-28,10,504,0,0
2024-05-29,10,650,0,0
2024-05-30,10,631,0,0
2024-05-31,10,587,0,0
2024-06-01,10,987,0,0
2024-06-02,10,1131,1,0
2024-06-03,10,527,0,0
2024-06-04,10,611,0,0
2024-06-05,10,668,0,0
2024-06-06,10,814,1,0
2024-06-07,10,601,0,0
2024-06-08,10,1232,1,0
2024-06-09,10,848,0,0
2024-06-10,10,652,1,0
2024-06-11,10,626,0,0
2024-06-12,10,636,0,0
2024-06-13,10,638,0,0
2024-06-14,10,889,1,0
2024-06-15,10,1209,1,0
2024-06-16,10,891,0,0
2024-06-17,10,445,0,0
2024-06-18,10,674,0,0
2024-06-19,10,618,0,0
2024-06-20,10,740,1,0
2024-06-21,10,916,1,0
2024-06-22,10,1130,1,0
2024-06-23,10,1080,1,0
2024-06-24,10,525,0,0
2024-06-25,10,621,0,0
2024-06-26,10,877,1,0
2024-06-27,10,604,0,0
2024-06-28,10,545,0,0
2024-06-29,10,828,0,0
2024-06-30,10,1302,1,0
2024-07-01,10,543,0,1
2024-07-02,10,1095,1,1
2024-07-03,10,780,0,1
2024-07-04,10,761,0,1
2024-07-05,10,790,0,1
2024-07-06,10,1154,0,0
2024-07-07,10,1152,0,0
2024-07-08,10,587,0,1
2024-07-09,10,728,0,1
2024-07-10,10,796,0,1
2024-07-11,10,969,1,1
2024-07-12,10,920,1,1
2024-07-13,10,1344,1,0
2024-07-14,10,925,0,0
2024-07-15,10,587,0,1
2024-07-16,10,1071,1,1
2024-07-17,10,752,0,1
2024-07-18,10,717,0,1
2024-07-19,10,737,0,1
2024-07-20,10,1087,0,0
2024-07-21,10,1060,0,0
2024-07-22,10,775,1,1
2024-07-23,10,802,0,1
2024-07-24,10,1037,1,1
2024-07-25,10,754,0,1
2024-07-26,10,859,0,1
2024-07-27,10,1072,0,0
2024-07-28,10,968,0,0
2024-07-29,10,508,0,1
2024-07-30,10,629,0,1
2024-07-31,10,763,0,1
2024-08-01,10,781,0,1
2024-08-02,10,843,0,1
2024-08-03,10,1169,0,0
2024-08-04,10,1051,0,0
2024-08-05,10,594,0,1
2024-08-06,10,723,0,1
2024-08-07,10,1107,1,1
2024-08-08,10,754,0,1
2024-08-09,10,714,0,1
2024-08-10,10,1426,1,0
2024-08-11,10,1413,1,0
2024-08-12,10,592,0,1
2024-08-13,10,722,0,1
2024-08-14,10,832,0,1
2024-08-15,10,1012,1,1
2024-08-16,10,727,0,1
2024-08-17,10,996,0,0
2024-08-18,10,1102,0,0
2024-08-19,10,643,0,1
2024-08-20,10,738,0,1
2024-08-21,10,727,0,1
2024-08-22,10,825,0,1
2024-08-23,10,881,0,1
2024-08-24,10,1334,1,0
2024-08-25,10,1048,0,0
2024-08-26,10,609,0,1
2024-08-27,10,1053,1,1
2024-08-28,10,759,0,1
2024-08-29,10,585,0,1
2024-08-30,10,791,0,1
2024-08-31,10,821,0,0
2024-09-01,10,845,0,0
2024-09-02,10,397,0,0
2024-09-03,10,798,1,0
2024-09-04,10,940,1,0
2024-09-05,10,801,1,0
2024-09-06,10,602,0,0
2024-09-07,10,917,0,0
2024-09-08,10,1248,1,0
2024-09-09,10,443,0,0
2024-09-10,10,669,0,0
2024-09-11,10,655,0,0
2024-09-12,10,590,0,0
2024-09-13,10,882,1,0
2024-09-14,10,1156,1,0
2024-09-15,10,1275,1,0
2024-09-16,10,557,0,0
2024-09-17,10,677,0,0
2024-09-18,10,954,1,0
2024-09-19,10,643,0,0
2024-09-20,10,584,0,0
2024-09-21,10,887,0,0
2024-09-22,10,1187,1,0
2024-09-23,10,508,0,0
2024-09-24,10,622,0,0
2024-09-25,10,671,0,0
2024-09-26,10,629,0,0
2024-09-27,10,643,0,0
2024-09-28,10,798,0,0
2024-09-29,10,894,0,0
2024-09-30,10,468,0,0
2024-10-01,10,771,1,0
2024-10-02,10,685,0,0
2024-10-03,10,678,0,0
2024-10-04,10,692,0,0
2024-10-05,10,942,0,0
2024-10-06,10,1328,1,0
2024-10-07,10,473,0,0
2024-10-08,10,561,0,0
2024-10-09,10,591,0,0
2024-10-10,10,671,0,0
2024-10-11,10,631,0,0
2024-10-12,10,910,0,0
2024-10-13,10,1011,0,0
2024-10-14,10,654,1,0
2024-10-15,10,584,0,0
2024-10-16,10,956,1,0
2024-10-17,10,640,0,0
2024-10-18,10,627,0,0
2024-10-19,10,972,0,0
2024-10-20,10,961,0,0
2024-10-21,10,602,0,0
2024-10-22,10,673,0,0
2024-10-23,10,607,0,0
2024-10-24,10,597,0,0
2024-10-25,10,609,0,0
2024-10-26,10,988,0,0
2024-10-27,10,947,0,0
2024-10-28,10,477,0,0
2024-10-29,10,689,0,0
2024-10-30,10,852,1,0
2024-10-31,10,642,0,0
2024-11-01,10,944,1,0
2024-11-02,10,1235,1,0
2024-11-03,10,1006,0,0
2024-11-04,10,441,0,0
2024-11-05,10,706,0,0
2024-11-06,10,888,1,0
2024-11-07,10,697,0,0
2024-11-08,10,552,0,0
2024-11-09,10,821,0,0
2024-11-10,10,974,0,0
2024-11-11,10,462,0,0
2024-11-12,10,620,0,0
2024-11-13,10,643,0,0
2024-11-14,10,920,1,0
2024-11-15,10,695,0,0
2024-11-16,10,930,0,0
2024-11-17,10,1361,1,0
2024-11-18,10,537,0,0
2024-11-19,10,625,0,0
2024-11-20,10,692,0,0
2024-11-21,10,624,0,0
2024-11-22,10,668,0,0
2024-11-23,10,1195,1,0
2024-11-24,10,762,0,0
2024-11-25,10,541,0,0
2024-11-26,10,868,1,0
2024-11-27,10,594,0,0
2024-11-28,10,781,0,0
2024-11-29,10,679,0,0
2024-11-30,10,946,0,0
2024-12-01,10,1578,1,0
2024-12-02,10,755,0,0
2024-12-03,10,958,0,0
2024-12-04,10,1324,1,0
2024-12-05,10,897,0,0
2024-12-06,10,944,0,0
2024-12-07,10,1329,0,0
2024-12-08,10,1797,1,0
2024-12-09,10,754,0,0
2024-12-10,10,1476,1,0
2024-12-11,10,1022,0,0
2024-12-12,10,892,0,0
2024-12-13,10,991,0,0
2024-12-14,10,1250,0,0
2024-12-15,10,1377,0,0
2024-12-16,10,1016,1,0
2024-12-17,10,988,0,0
2024-12-18,10,1303,1,0
2024-12-19,10,841,0,0
2024-12-20,10,988,0,0
2024-12-21,10,1312,0,0
2024-12-22,10,1400,0,0
2024-12-23,10,813,0,0
2024-12-24,10,1210,1,0
2024-12-25,10,1302,1,0
2024-12-26,10,828,0,0
2024-12-27,10,1012,0,0
2024-12-28,10,1401,0,0
2024-12-29,10,1613,1,0
2024-12-30,10,689,0,0
2024-12-31,10,1239,1,0
